sample_index,mean_trace,std_trace
0,-0.34263843,0.0042838543
1,-0.23446177,0.0055567436
2,0.2607942,0.004953819
3,0.075456984,0.0042002206
4,-0.31946358,0.0042591686
5,-0.037523244,0.0037339483
6,0.3813508,0.004235056
7,0.1467211,0.00369488
8,-0.32927808,0.0038328175
9,-0.050480664,0.0034303132
10,0.39028975,0.004080215
11,0.15332295,0.0041100266
12,-0.27405888,0.0042621945
13,-0.018284619,0.003502316
14,0.38971347,0.0042615137
15,0.1509209,0.003661528
16,-0.2755162,0.004028007
17,-0.015936865,0.0034680017
18,0.3930723,0.0041741473
19,0.15042989,0.0035580837
20,-0.27408993,0.003858177
21,-0.015276465,0.0035395003
22,0.3905138,0.0043648793
23,0.14782354,0.0035557381
24,-0.29828775,0.0040463516
25,-0.22356533,0.006005835
26,0.26193824,0.005106295
27,0.07100029,0.0038457948
28,-0.31409234,0.0039854688
29,-0.03888125,0.0034274668
30,0.37588233,0.003998939
31,0.13764796,0.003761188
32,-0.2715643,0.0038703636
33,-0.01622959,0.003537273
34,0.38830033,0.003994697
35,0.14412397,0.0034474453
36,-0.2720476,0.0036541172
37,-0.02193496,0.003382515
38,0.38366655,0.0041450504
39,0.14076865,0.0036036638
40,-0.30840215,0.0036910926
41,-0.2191372,0.0055117197
42,0.26174948,0.004435346
43,0.06862002,0.003953632
44,-0.3502501,0.0040274663
45,-0.24833687,0.0048990245
46,0.24724004,0.004390825
47,0.061978713,0.0040671276
48,-0.3711335,0.003919497
49,-0.26077232,0.005114876
50,0.24115014,0.0048220344
51,0.0604083,0.0040209936
52,-0.32187372,0.004032299
53,-0.040635888,0.003752505
54,0.377606,0.004308409
55,0.14148863,0.0037406227
56,-0.26118657,0.003901793
57,-0.0061469725,0.0038521832
58,0.39752436,0.004270381
59,0.15221597,0.0034682225
60,-0.280159,0.003840249
61,-0.024520215,0.0038622415
62,0.38483706,0.0043576835
63,0.14415361,0.003815092
64,-0.2801204,0.0037141838
65,-0.020412989,0.0035201882
66,0.38662687,0.0041482886
67,0.14483199,0.0037937511
68,-0.28071007,0.0041061514
69,-0.022110302,0.0036005187
70,0.38506994,0.004171757
71,0.14207631,0.003613724
72,-0.28414062,0.0035558974
73,-0.025517968,0.0035391438
74,0.38075092,0.0041955025
75,0.13835435,0.0036395947
76,-0.29070318,0.0036062568
77,-0.030960351,0.0033194006
78,0.37671593,0.003976769
79,0.13453583,0.0034388867
80,-0.30090693,0.0036944165
81,-0.038094774,0.0037557515
82,0.37153047,0.0040999986
83,0.13020444,0.003594176
84,-0.28169367,0.0037581152
85,-0.02667583,0.0038776477
86,0.3772662,0.004030908
87,0.132748,0.0036035702
88,-0.2836523,0.003662505
89,-0.029087013,0.00397786
90,0.37459195,0.004392001
91,0.13009545,0.003799009
92,-0.28623316,0.0037250156
93,-0.03187959,0.0035761483
94,0.37189248,0.0042702714
95,0.12743223,0.003572652
96,-0.32193053,0.0039448584
97,-0.23314653,0.005269089
98,0.24684024,0.005061682
99,0.05302046,0.004139883
100,-0.33219376,0.0038440872
101,-0.058207814,0.0036627017
102,0.35614643,0.004142043
103,0.11823481,0.003385593
104,-0.29890868,0.0038590014
105,-0.040162254,0.003665487
106,0.36666963,0.004169639
107,0.123812936,0.0035881072
108,-0.30060244,0.0037355458
109,-0.046064403,0.0036843107
110,0.36252904,0.0042564655
111,0.12160557,0.003620788
112,-0.32945338,0.0038844717
113,-0.23303697,0.005089047
114,0.2473523,0.0045759007
115,0.05385542,0.0036943974
116,-0.37068623,0.0039011075
117,-0.2698983,0.005081057
118,0.22770864,0.0049182554
119,0.045130175,0.0041617705
120,-0.3625134,0.004109792
121,-0.25124136,0.005009474
122,0.24274252,0.0046791197
123,0.056550976,0.003820712
124,-0.3227791,0.0042541833
125,-0.046184473,0.0035843733
126,0.3694143,0.004495301
127,0.1316001,0.0036473293
128,-0.28733185,0.0035936234
129,-0.027671631,0.0035657862
130,0.37973395,0.004109438
131,0.13677046,0.0037148087
132,-0.3282357,0.003905961
133,-0.23980713,0.0046536694
134,0.24999717,0.0042978064
135,0.06178057,0.0035924364
136,-0.35773256,0.0037753794
137,-0.24649078,0.005127335
138,0.24816918,0.0045298194
139,0.0630753,0.003749208
140,-0.34719405,0.0036100186
141,-0.23991816,0.004988625
142,0.25435928,0.0044614677
143,0.068512015,0.0036625788
144,-0.31227675,0.0036940826
145,-0.03528418,0.003625685
146,0.38030678,0.004152797
147,0.14268593,0.004076736
148,-0.26824272,0.004098101
149,-0.011528271,0.0037899693
150,0.39352593,0.0039816895
151,0.14931655,0.003950545
152,-0.27698058,0.0042614006
153,-0.023067968,0.0039831777
154,0.38397187,0.0043385453
155,0.1435745,0.003957124
156,-0.30446264,0.0040880507
157,-0.20281523,0.0051640007
158,0.27296236,0.0044446457
159,0.07726192,0.003743616
160,-0.31202894,0.0038982828
161,-0.03861831,0.0038161473
162,0.3754271,0.00439718
163,0.13756417,0.0040082955
164,-0.27094835,0.0039706975
165,-0.015653906,0.0037018382
166,0.38836163,0.0039096554
167,0.14381792,0.003657497
168,-0.26662642,0.00400195
169,-0.018585742,0.0037223212
170,0.38536826,0.0041841115
171,0.14180024,0.0037285194
172,-0.27806678,0.0036557505
173,-0.021731446,0.003664851
174,0.38278908,0.0038551653
175,0.13926587,0.0033832393
176,-0.28265786,0.0037155335
177,-0.026059326,0.0033512467
178,0.3790211,0.004170167
179,0.13552046,0.0037206768
180,-0.29601532,0.0039507295
181,-0.035933692,0.00369541
182,0.3710871,0.003958451
183,0.12955102,0.0033964312
184,-0.3487356,0.0039747236
185,-0.24266821,0.004652581
186,0.24256016,0.0045887935
187,0.053306837,0.0038399259
188,-0.32647172,0.0038304143
189,-0.051719923,0.0037236926
190,0.36308306,0.0039808964
191,0.12493443,0.003558748
192,-0.29387945,0.003935717
193,-0.034666795,0.0033824402
194,0.37289384,0.004201398
195,0.13013369,0.0038318068
196,-0.32432348,0.0039907275
197,-0.24207993,0.005084047
198,0.24658877,0.0045940587
199,0.05663623,0.0040146364
200,-0.36338246,0.0043847617
201,-0.2526834,0.0054654065
202,0.24183804,0.00481739
203,0.056340236,0.003726546
204,-0.34248033,0.003904277
205,-0.058948047,0.003621705
206,0.3620541,0.00408351
207,0.12761568,0.003409615
208,-0.29102919,0.0036394799
209,-0.028826807,0.003591286
210,0.3795079,0.0045199823
211,0.13722749,0.0038222389
212,-0.27476266,0.003909272
213,-0.023655225,0.0033978848
214,0.3804668,0.0039517744
215,0.13862276,0.0036677758
216,-0.29297256,0.0039892374
217,-0.03229824,0.0035022362
218,0.37656748,0.0042926366
219,0.13504243,0.0039207544
220,-0.30364907,0.0042424006
221,-0.03973911,0.0038404325
222,0.37076378,0.0041175485
223,0.1302732,0.0037517124
224,-0.2975242,0.004196897
225,-0.036466554,0.0038034928
226,0.3703035,0.004234427
227,0.12906441,0.0035048919
228,-0.331041,0.0038419103
229,-0.2412542,0.0050740815
230,0.24476333,0.004989624
231,0.05434673,0.0040886165
232,-0.33970055,0.0038869493
233,-0.06028462,0.0037277332
234,0.3572634,0.0044008982
235,0.121334374,0.0036660437
236,-0.28919125,0.0036898905
237,-0.031536523,0.0037352862
238,0.37489063,0.004316403
239,0.13106953,0.0036947404
240,-0.27956542,0.003925975
241,-0.03012251,0.0036783686
242,0.37451518,0.004059606
243,0.13102944,0.0036791384
244,-0.33044532,0.004066943
245,-0.2314668,0.004861247
246,0.24986622,0.004346394
247,0.0573438,0.0037086147
248,-0.38731298,0.0038858205
249,-0.27972066,0.005469216
250,0.22378321,0.004756954
251,0.044849217,0.004211918
252,-0.36959657,0.0042807106
253,-0.25798956,0.0053232554
254,0.24021563,0.004887018
255,0.05703657,0.0039014362
256,-0.36296886,0.003918758
257,-0.25722423,0.005226608
258,0.24299835,0.0046037687
259,0.061218947,0.0038572487
260,-0.31609878,0.0041568233
261,-0.03741846,0.0036553862
262,0.3796878,0.0041636582
263,0.14211841,0.0035109958
264,-0.30142534,0.0035974146
265,-0.20979287,0.004793491
266,0.27453756,0.0047197184
267,0.08116523,0.0039145313
268,-0.31374952,0.004221977
269,-0.03656377,0.0035481446
270,0.37982827,0.0039694905
271,0.14321314,0.0036867284
272,-0.32720372,0.0038958667
273,-0.22679536,0.004951677
274,0.2629861,0.0046594255
275,0.07488931,0.003849287
276,-0.34670416,0.0037216856
277,-0.24179785,0.004960887
278,0.2562327,0.0044868607
279,0.07296709,0.003839063
280,-0.30824032,0.0039062188
281,-0.029750733,0.0037584554
282,0.38613686,0.004122587
283,0.14959204,0.0035153858
284,-0.2637925,0.00411549
285,-0.0055969725,0.0036750494
286,0.40020785,0.00440033
287,0.15604024,0.0039003273
288,-0.26176655,0.003910282
289,-0.0098024905,0.003510968
290,0.39382803,0.004172571
291,0.15244229,0.0038807099
292,-0.25960883,0.0038421985
293,-0.0060180174,0.003466109
294,0.3978835,0.0042325812
295,0.15323457,0.003495196
296,-0.26742032,0.003655965
297,-0.01238877,0.0036297676
298,0.3911297,0.0041281427
299,0.14710073,0.0037270414
300,-0.29929116,0.004217777
301,-0.20689584,0.004978646
302,0.27037525,0.004661028
303,0.07499487,0.0036349213
304,-0.3239775,0.0038737333
305,-0.04648286,0.0035089399
306,0.36950785,0.004087193
307,0.13314238,0.00380724
308,-0.27114025,0.004004507
309,-0.016567871,0.0034827786
310,0.38821825,0.004320141
311,0.14284287,0.003776839
312,-0.27326968,0.0038769632
313,-0.023061622,0.0036880965
314,0.38127264,0.0043503516
315,0.13874672,0.003463047
316,-0.28507772,0.0038555916
317,-0.026963184,0.0037008163
318,0.3805397,0.0042883274
319,0.1375186,0.0035755544
320,-0.29113227,0.0038841062
321,-0.03201377,0.0034312177
322,0.37595084,0.0042133234
323,0.1333144,0.003816421
324,-0.2827199,0.0038115715
325,-0.027301952,0.0035765907
326,0.37786606,0.004471249
327,0.13363203,0.003680139
328,-0.31211343,0.0041784616
329,-0.22223228,0.0053024273
330,0.2563619,0.0046866415
331,0.060883936,0.0039725546
332,-0.36736846,0.003949632
333,-0.25320053,0.0052186693
334,0.24103212,0.0050955685
335,0.053922947,0.004001727
336,-0.37255165,0.004153695
337,-0.258371,0.005253144
338,0.23920527,0.004720274
339,0.055732716,0.0039608185
340,-0.3537958,0.0041709593
341,-0.25100327,0.0051699164
342,0.24669898,0.004739113
343,0.06245957,0.00393407
344,-0.32035023,0.0038916005
345,-0.041276075,0.0038146595
346,0.37612134,0.004245526
347,0.13914087,0.003619404
348,-0.32384154,0.003634731
349,-0.22737159,0.004760679
350,0.26222938,0.0046550995
351,0.07321826,0.00391087
352,-0.34779423,0.0043051164
353,-0.24405879,0.0051662656
354,0.25400156,0.0045780647
355,0.070710056,0.0038571134
356,-0.34651327,0.003962239
357,-0.23016104,0.0049358844
358,0.26451227,0.0043852907
359,0.07880117,0.0036273303
360,-0.297152,0.004039615
361,-0.02181875,0.0033694427
362,0.3929205,0.00433748
363,0.15407997,0.003978075
364,-0.26456982,0.0040449495
365,-0.0055623045,0.003646114
366,0.40063134,0.004177344
367,0.15728867,0.0037206297
368,-0.25707933,0.0038731252
369,-0.0066192383,0.0035567903
370,0.39688677,0.0043205926
371,0.15500723,0.0037560961
372,-0.2701833,0.0037586782
373,-0.012327637,0.0035823472
374,0.39428183,0.0041114283
375,0.1514956,0.0038832559
376,-0.2708282,0.0040288586
377,-0.014329883,0.00361371
378,0.39160538,0.0038633456
379,0.14814702,0.0034244277
380,-0.27792236,0.0041076005
381,-0.020080078,0.0034327523
382,0.38675582,0.004321481
383,0.14359634,0.0035819958
384,-0.27049175,0.0037457955
385,-0.016355224,0.0034719566
386,0.38772616,0.0040626675
387,0.14279912,0.0036651862
388,-0.30152607,0.0036885452
389,-0.2140168,0.004566037
390,0.26459044,0.0045661195
391,0.06877202,0.003810884
392,-0.3488931,0.004374736
393,-0.24788906,0.005044021
394,0.24581768,0.0046493863
395,0.060172997,0.0038166954
396,-0.36039215,0.0040487093
397,-0.24881719,0.004911611
398,0.24757744,0.004453079
399,0.0630958,0.0037493748
400,-0.3187558,0.0042651105
401,-0.040401906,0.0036405944
402,0.3765632,0.0039675557
403,0.13946733,0.0036014356
404,-0.2736714,0.003743891
405,-0.01537417,0.0041345274
406,0.39058647,0.00434541
407,0.14691362,0.0035673287
408,-0.27530503,0.00376895
409,-0.021955518,0.003767635
410,0.3851534,0.0043173973
411,0.14340635,0.0034521772
412,-0.30805528,0.0039312392
413,-0.19505264,0.0048475545
414,0.27758095,0.00461079
415,0.078875974,0.0037518789
416,-0.30462524,0.0041713724
417,-0.034386083,0.0036187056
418,0.37831318,0.004010806
419,0.13878267,0.003502561
420,-0.31510118,0.0037904663
421,-0.21151519,0.0045092553
422,0.2685079,0.004406566
423,0.07437534,0.0037798928
424,-0.3490852,0.0039199824
425,-0.21474053,0.004546364
426,0.26835865,0.004672827
427,0.07521963,0.0038131892
428,-0.3455105,0.0037602144
429,-0.23600762,0.0046392744
430,0.25786895,0.0045774807
431,0.07176602,0.004101896
432,-0.3453793,0.004237088
433,-0.23277475,0.0048824633
434,0.2632574,0.005044072
435,0.07579111,0.0042343824
436,-0.3244671,0.004034606
437,-0.040497754,0.003531285
438,0.37990507,0.0043977993
439,0.14563511,0.003573621
440,-0.271277,0.0037472444
441,-0.010247364,0.003511919
442,0.397652,0.0041028783
443,0.15497755,0.003913951
444,-0.25332204,0.0039649038
445,-0.004354248,0.0037331034
446,0.39852425,0.004127981
447,0.15566616,0.0036259564
448,-0.27567223,0.0037316454
449,-0.0160813,0.0034954275
450,0.39136562,0.0040231813
451,0.14969805,0.003627825
452,-0.27930513,0.0038427208
453,-0.019696094,0.0034576554
454,0.3883342,0.0041819545
455,0.14600015,0.003775903
456,-0.29743457,0.0038944052
457,-0.032412596,0.00376371
458,0.3789917,0.0042134603
459,0.13908252,0.0035293212
460,-0.29107514,0.0039398
461,-0.029307764,0.0036243724
462,0.3796416,0.004244562
463,0.13817309,0.003506885
464,-0.31833878,0.003814801
465,-0.22806646,0.005031973
466,0.25526828,0.004267844
467,0.06387109,0.0038674483
468,-0.327171,0.00384706
469,-0.049365185,0.0038697044
470,0.36734948,0.0042328937
471,0.13041279,0.0035663743
472,-0.28391826,0.0036067474
473,-0.025940284,0.0034784887
474,0.3807136,0.0039982656
475,0.13746168,0.0035320166
476,-0.29284355,0.004152272
477,-0.036677685,0.003477197
478,0.3732002,0.0043440666
479,0.13297783,0.0037104671
480,-0.27830547,0.0036045022
481,-0.022758398,0.0035918488
482,0.38218388,0.004450378
483,0.13804385,0.0036156578
484,-0.2841913,0.003789763
485,-0.027869336,0.0034731128
486,0.3772564,0.004245961
487,0.13380064,0.003714727
488,-0.29287842,0.0038547106
489,-0.03413613,0.0037164213
490,0.37073335,0.0041174702
491,0.12875707,0.003745018
492,-0.30012897,0.003853718
493,-0.040420458,0.0036467568
494,0.36746353,0.0039669443
495,0.12571645,0.0037262598
496,-0.30948174,0.0037544207
497,-0.046963084,0.0035570192
498,0.36321488,0.0040200935
499,0.12233872,0.0036045206
500,-0.29525167,0.0039610616
501,-0.03796494,0.0035209528
502,0.36806363,0.004017454
503,0.12447925,0.0033744334
504,-0.32347944,0.0036985625
505,-0.22869444,0.0061501577
506,0.24852681,0.0045316243
507,0.053351708,0.0036232073
508,-0.33375248,0.0038185902
509,-0.05985537,0.0034589875
510,0.35482574,0.0040498585
511,0.11671953,0.0035816827
512,-0.31548017,0.004042731
513,-0.051463526,0.0033853832
514,0.35892904,0.0042790873
515,0.118563816,0.0037013136
516,-0.35591817,0.0041118846
517,-0.25723886,0.005305685
518,0.2339977,0.004652973
519,0.046742674,0.0041833865
520,-0.37905982,0.003965091
521,-0.26464057,0.0062828464
522,0.23143941,0.005104547
523,0.047503565,0.0041031386
524,-0.3887686,0.0040765572
525,-0.27527833,0.006002947
526,0.22906065,0.0048528863
527,0.049389306,0.0037827073
528,-0.34276548,0.004060049
529,-0.057692237,0.0037189475
530,0.36398253,0.0041883304
531,0.1294164,0.0037562673
532,-0.27752435,0.003855266
533,-0.019619677,0.0035265554
534,0.38662457,0.0042282897
535,0.14263618,0.0036032877
536,-0.27662823,0.0040375814
537,-0.024387207,0.0033805603
538,0.3808518,0.0042982316
539,0.13958839,0.004003128
540,-0.2857229,0.0039864588
541,-0.026509425,0.0035562592
542,0.37997603,0.0041465806
543,0.13791187,0.0037207245
544,-0.28580248,0.0036947525
545,-0.028231446,0.0033205384
546,0.37772968,0.0040784637
547,0.13490279,0.00363626
548,-0.29924926,0.0036906993
549,-0.037783056,0.003485394
550,0.37133852,0.004011973
551,0.12984683,0.0035686274
552,-0.2853337,0.004011509
553,-0.029544337,0.0036132634
554,0.3754688,0.0043088607
555,0.13137706,0.0039089774
556,-0.31709492,0.003988085
557,-0.22369277,0.0056028874
558,0.25404164,0.0046914234
559,0.05871333,0.0037722015
560,-0.32893246,0.0038771208
561,-0.054970946,0.0033263136
562,0.35956478,0.0041737547
563,0.12161387,0.0036204194
564,-0.309867,0.0037476367
565,-0.046253614,0.0033721663
566,0.3639466,0.0042779366
567,0.123340085,0.0035658665
568,-0.3516783,0.003820593
569,-0.2526102,0.0045771794
570,0.23854716,0.0044669155
571,0.050889745,0.004001178
572,-0.37533516,0.0040087607
573,-0.2604754,0.004867075
574,0.23492754,0.0046219258
575,0.051644288,0.0039566513
576,-0.3848268,0.004047091
577,-0.27076396,0.005009698
578,0.23305869,0.004357851
579,0.05336123,0.0038743045
580,-0.3401497,0.004116845
581,-0.05481411,0.00378941
582,0.36668253,0.0041842493
583,0.1324751,0.0036264765
584,-0.27470133,0.0039499234
585,-0.016569335,0.0035669762
586,0.3896368,0.0040412336
587,0.14557783,0.0038681037
588,-0.2741947,0.003900151
589,-0.021690039,0.003530479
590,0.38361397,0.0042306506
591,0.14242657,0.0034492535
592,-0.2833994,0.0040064016
593,-0.02399785,0.003339918
594,0.38248155,0.0039972155
595,0.14042525,0.0034845755
596,-0.28364787,0.0038891912
597,-0.025871484,0.0035425618
598,0.38030142,0.004271437
599,0.13740326,0.0039214483
600,-0.2963088,0.0037833543
601,-0.035052,0.0034776744
602,0.37380162,0.0041091386
603,0.13223447,0.0034116746
604,-0.28397992,0.0037540926
605,-0.027940966,0.0036426375
606,0.37718794,0.004244485
607,0.13316005,0.0038907246
608,-0.31524986,0.0040060147
609,-0.22152519,0.005260408
610,0.25678462,0.0049144654
611,0.060487255,0.004015115
612,-0.32640073,0.003926893
613,-0.052873388,0.0035736635
614,0.36136723,0.00467436
615,0.12361074,0.003991309
616,-0.30838275,0.0040407404
617,-0.04478755,0.0035789623
618,0.3652132,0.0041723256
619,0.12479668,0.0034458195
620,-0.35068783,0.0037680056
621,-0.25104868,0.005320356
622,0.24010572,0.00477307
623,0.052269775,0.0037123915
624,-0.3733271,0.0041833743
625,-0.25850537,0.005805794
626,0.23665224,0.004976977
627,0.053177588,0.004036176
628,-0.38236818,0.004038249
629,-0.26885602,0.0057579256
630,0.2348248,0.0047257524
631,0.0548396,0.0039784918
632,-0.33805302,0.0038697147
633,-0.053091455,0.0036196397
634,0.36854932,0.004320719
635,0.13391338,0.0035080707
636,-0.27312437,0.003684706
637,-0.0152563965,0.0034967829
638,0.39091894,0.0042288643
639,0.14697178,0.003960467
640,-0.2728165,0.0039445893
641,-0.020552734,0.0035801877
642,0.38465065,0.0042697494
643,0.14342412,0.0036448464
644,-0.28305468,0.0040682717
645,-0.023416748,0.003796728
646,0.38330176,0.0040220725
647,0.14124033,0.0035623831
648,-0.28290436,0.0037439084
649,-0.025104932,0.0033799543
650,0.38101357,0.004254252
651,0.1382898,0.0041859127
652,-0.2945878,0.0040302253
653,-0.03374956,0.0036500695
654,0.3749401,0.0041258065
655,0.13331474,0.0035543554
656,-0.28327045,0.0038027037
657,-0.027165381,0.0034277064
658,0.37781626,0.004226599
659,0.13380718,0.0034841634
660,-0.31518632,0.003963628
661,-0.22068189,0.0059534726
662,0.25646752,0.004813821
663,0.06104009,0.0036835342
664,-0.32719898,0.00400611
665,-0.05292119,0.0037799806
666,0.36169112,0.0043543307
667,0.12372466,0.003724096
668,-0.30962223,0.003931144
669,-0.045051806,0.0038839036
670,0.36536935,0.004265392
671,0.12505332,0.0039669513
672,-0.3497772,0.0040013017
673,-0.2502531,0.0052276477
674,0.24103491,0.004818982
675,0.052922558,0.0038167166
676,-0.3727749,0.0040623886
677,-0.2577792,0.0054160696
678,0.23787075,0.0049549304
679,0.053992823,0.004177414
680,-0.38071886,0.0040678955
681,-0.2670656,0.005527773
682,0.23610708,0.004772721
683,0.05567246,0.0038130821
684,-0.33787906,0.00409956
685,-0.05311035,0.0035680737
686,0.36863512,0.003987207
687,0.13435562,0.003821564
688,-0.27290317,0.003760196
689,-0.01494834,0.003487529
690,0.39111215,0.003931629
691,0.1471669,0.0037355674
692,-0.27323472,0.003936342
693,-0.020640234,0.0038632788
694,0.38473448,0.004223565
695,0.14351943,0.0039521297
696,-0.28328058,0.0037205284
697,-0.023415234,0.0034706148
698,0.38328183,0.0040851505
699,0.14151514,0.0034601656
700,-0.285882,0.0038813702
701,-0.027134864,0.0036779076
702,0.37985274,0.0041033947
703,0.13770449,0.0036726678
704,-0.29643974,0.0038995238
705,-0.03479702,0.0037877378
706,0.37460947,0.0042395433
707,0.13336484,0.0039096233
708,-0.2822373,0.0038473906
709,-0.026356397,0.0034464158
710,0.37861368,0.0040676557
711,0.13471533,0.003741128
712,-0.31392568,0.004037282
713,-0.21955313,0.005415856
714,0.25781518,0.0046409606
715,0.061920214,0.0037555292
716,-0.32496014,0.0038444793
717,-0.051431835,0.0035224918
718,0.3628072,0.0040804297
719,0.124592185,0.003689075
720,-0.30649975,0.004024826
721,-0.04307588,0.003552982
722,0.3667631,0.0041009826
723,0.12611225,0.0036747323
724,-0.34868482,0.0039434535
725,-0.24853876,0.004717425
726,0.24148257,0.0047373
727,0.053431153,0.0037528425
728,-0.37063047,0.0040503903
729,-0.25575063,0.0053231996
730,0.23876826,0.0047711544
731,0.054642335,0.0040361155
732,-0.380115,0.004127569
733,-0.26621616,0.00562197
734,0.23650937,0.00465531
735,0.055994093,0.003815703
736,-0.33708996,0.003771425
737,-0.052444823,0.0035609484
738,0.36905274,0.004132112
739,0.13450538,0.0037964622
740,-0.2726455,0.0038439005
741,-0.014838623,0.0034851197
742,0.39138168,0.003965949
743,0.14724092,0.0037016813
744,-0.27235812,0.0039555137
745,-0.0202104,0.0033350887
746,0.38490734,0.004232907
747,0.14378373,0.003558614
748,-0.28201044,0.0038041843
749,-0.022696191,0.0033519794
750,0.38375658,0.004014102
751,0.14161211,0.0036029587
752,-0.2822651,0.0037847848
753,-0.024628662,0.003475131
754,0.3814897,0.0038071035
755,0.13848017,0.0037025362
756,-0.29431915,0.0041369842
757,-0.033441454,0.003994683
758,0.375187,0.0042086355
759,0.13358828,0.0037210798
760,-0.28183374,0.003781669
761,-0.026305517,0.0036993192
762,0.37853363,0.0042549856
763,0.1343975,0.0037244824
764,-0.3144626,0.004076184
765,-0.21928906,0.0052837287
766,0.2574342,0.0045612333
767,0.06178926,0.0035524524
768,-0.32647184,0.0038920327
769,-0.052253515,0.0036867978
770,0.36204204,0.004135369
771,0.123998925,0.0036079704
772,-0.30815855,0.004055869
773,-0.04432402,0.0038203164
774,0.36584467,0.0041063684
775,0.12545523,0.0037464253
776,-0.34946635,0.0039727692
777,-0.24902496,0.00506531
778,0.2416415,0.004655175
779,0.053454638,0.004296005
780,-0.3716134,0.004228686
781,-0.25615156,0.0055302638
782,0.23868081,0.0049451757
783,0.05456328,0.004163927
784,-0.38085395,0.0040087025
785,-0.26619506,0.005341164
786,0.23641846,0.0046789777
787,0.05604556,0.0038728323
788,-0.33850572,0.003919101
789,-0.053200245,0.004095034
790,0.36836353,0.0041068736
791,0.1339748,0.0037578347
792,-0.27296728,0.0038891376
793,-0.015053565,0.0037788614
794,0.39131185,0.0042632506
795,0.14722027,0.0038819462
796,-0.27335048,0.0037354522
797,-0.02080918,0.0035973277
798,0.38446388,0.004295798
799,0.14346875,0.0034098155
800,-0.2829049,0.003738081
801,-0.023209961,0.0036857473
802,0.38356364,0.004099956
803,0.14152549,0.003786281
804,-0.28246292,0.003995551
805,-0.024694141,0.0036978717
806,0.38136426,0.0041774
807,0.13858365,0.003722193
808,-0.29335922,0.0036820397
809,-0.032766603,0.0034945817
810,0.3756554,0.004112058
811,0.13387787,0.0037660692
812,-0.2828536,0.0039093457
813,-0.026881298,0.0033737347
814,0.37814215,0.0041602785
815,0.13408804,0.0038461771
816,-0.31343207,0.0038384986
817,-0.21820562,0.0057813176
818,0.25830102,0.0048938654
819,0.062109523,0.0038860338
820,-0.32627252,0.003980658
821,-0.052233398,0.0036054845
822,0.36215,0.0041911914
823,0.12398936,0.0036740266
824,-0.3084645,0.003928452
825,-0.044440575,0.0035891195
826,0.36584464,0.0042079086
827,0.12550674,0.0036505088
828,-0.34987485,0.0040366286
829,-0.24955107,0.0051753195
830,0.24099219,0.004484298
831,0.053073876,0.0039606905
832,-0.3735959,0.0042489492
833,-0.25793272,0.0055390378
834,0.23770386,0.0049383133
835,0.053922754,0.003923228
836,-0.38178363,0.0037993183
837,-0.26722783,0.005344385
838,0.2359646,0.0045611975
839,0.055499364,0.0039151376
840,-0.33784127,0.003939083
841,-0.052749168,0.0034038762
842,0.36884692,0.0041964087
843,0.1343502,0.0035902024
844,-0.27281567,0.003998111
845,-0.014785889,0.0040493743
846,0.3912274,0.0043021385
847,0.1472731,0.0038362169
848,-0.2725843,0.0038564194
849,-0.02018374,0.003666358
850,0.38507646,0.0041161194
851,0.1437959,0.0034736237
852,-0.28143457,0.0038189285
853,-0.022207178,0.0034624452
854,0.38412967,0.0044868286
855,0.14200142,0.003845768
856,-0.28215367,0.0038326744
857,-0.024583105,0.0034818116
858,0.3813901,0.0040636403
859,0.13862573,0.0038417557
860,-0.29245582,0.0038645829
861,-0.032061476,0.003572979
862,0.37620953,0.004250714
863,0.1342102,0.0037735382
864,-0.28160062,0.0037037425
865,-0.026028711,0.0034635903
866,0.3787001,0.0041626994
867,0.13452144,0.003422018
868,-0.31455392,0.003898582
869,-0.2191813,0.0054940525
870,0.25728902,0.004617528
871,0.061861426,0.003916041
872,-0.32757217,0.0040350873
873,-0.05327158,0.0034088348
874,0.36154804,0.00420386
875,0.12373335,0.0034630238
876,-0.3096113,0.0037377668
877,-0.0452188,0.0035143413
878,0.3654998,0.0039823437
879,0.12523232,0.0035372532
880,-0.3493839,0.0037811233
881,-0.24940258,0.0047552455
882,0.24127871,0.004816689
883,0.053014696,0.0039198366
884,-0.37271962,0.0039743725
885,-0.2569921,0.005603619
886,0.23788735,0.0049092607
887,0.054293554,0.0039810953
888,-0.38051215,0.0041227285
889,-0.26625356,0.005615825
890,0.2365418,0.004797238
891,0.056078564,0.004078807
892,-0.33799037,0.0038349652
893,-0.053128272,0.0038456586
894,0.3685711,0.0040601967
895,0.13425995,0.0033398184
896,-0.27290943,0.0038888222
897,-0.014825244,0.0035790768
898,0.39131695,0.0041402946
899,0.14739048,0.0035020898
900,-0.27321827,0.003726733
901,-0.020617431,0.0036355564
902,0.38477528,0.0040078284
903,0.14365883,0.0035733846
904,-0.28227016,0.0038220268
905,-0.02285669,0.0034969156
906,0.38303092,0.004271479
907,0.14139219,0.0037795198
908,-0.28643033,0.0038359524
909,-0.027414551,0.0032973064
910,0.3797892,0.0040492276
911,0.13766763,0.0036903368
912,-0.29567227,0.0037893595
913,-0.03409541,0.003770851
914,0.37508106,0.004115306
915,0.13363262,0.0034490433
916,-0.28156957,0.0037642713
917,-0.025900781,0.0034276913
918,0.3789836,0.004184565
919,0.13486734,0.0037345483
920,-0.31348085,0.003753973
921,-0.21911748,0.0054309717
922,0.25864473,0.004941341
923,0.062324267,0.004001737
924,-0.32484186,0.0039843665
925,-0.051229637,0.0035378786
926,0.36298195,0.004236415
927,0.1249021,0.0038415375
928,-0.30585465,0.0040318384
929,-0.04259404,0.0036035536
930,0.36690444,0.004240473
931,0.12624882,0.0036117064
932,-0.34981328,0.0038812526
933,-0.24953355,0.0050456203
934,0.24131684,0.004813642
935,0.05317036,0.0035661394
936,-0.37232774,0.0038661081
937,-0.25687787,0.005474735
938,0.23805362,0.0049438067
939,0.054550637,0.0040761246
940,-0.38153872,0.0040037655
941,-0.26724488,0.0054577277
942,0.23614658,0.0047038468
943,0.0557688,0.0037802178
944,-0.3373495,0.0037262733
945,-0.05229956,0.003344465
946,0.36928302,0.0042109224
947,0.13472329,0.0036213798
948,-0.27226982,0.0037256463
949,-0.014369678,0.0036125921
950,0.39164332,0.0042936625
951,0.1475562,0.003495235
952,-0.2719082,0.004013233
953,-0.019791456,0.0036008188
954,0.38524482,0.004051896
955,0.14408082,0.0037968338
956,-0.2819568,0.004125713
957,-0.022488233,0.003625931
958,0.38397226,0.004207155
959,0.14188915,0.0038000562
960,-0.28211305,0.0037412264
961,-0.024513086,0.0037920603
962,0.38160005,0.0041845366
963,0.13877387,0.0035658472
964,-0.2944218,0.0037930612
965,-0.033373926,0.003520217
966,0.37530646,0.0041517145
967,0.13370362,0.0040761367
968,-0.28188682,0.0039908644
969,-0.026204394,0.003546677
970,0.3786819,0.004083459
971,0.1346231,0.00349998
972,-0.31419995,0.003909124
973,-0.21914527,0.005646301
974,0.25768322,0.004619283
975,0.06205503,0.0038425343
976,-0.32602823,0.004062228
977,-0.052135207,0.0035940476
978,0.3620424,0.0040474758
979,0.12422886,0.0034968639
980,-0.30787602,0.003977072
981,-0.044064794,0.003726125
982,0.3662788,0.003970125
983,0.12570825,0.0036609755
984,-0.34935498,0.003915799
985,-0.2499348,0.005064887
986,0.24123032,0.0047202087
987,0.053158008,0.0037224316
988,-0.3708062,0.0038369754
989,-0.25633404,0.0056142765
990,0.23824644,0.0048208083
991,0.054454543,0.0039414545
992,-0.38123277,0.0041399323
993,-0.2674529,0.005382285
994,0.23593852,0.004702585
995,0.055812646,0.0039192983
996,-0.33872768,0.003881312
997,-0.053356886,0.0034004955
998,0.36851048,0.004179777
999,0.13432388,0.003551072
1000,-0.27276772,0.0038424542
1001,-0.014827588,0.0034507173
1002,0.39130497,0.0038401275
1003,0.14740664,0.003891209
1004,-0.27299464,0.003914611
1005,-0.020422265,0.003616105
1006,0.38491964,0.0042018183
1007,0.14381856,0.0037256228
1008,-0.28213072,0.004031753
1009,-0.022620605,0.0035289803
1010,0.3839948,0.004007138
1011,0.14205308,0.0033846109
1012,-0.2820273,0.003799978
1013,-0.024425587,0.003704357
1014,0.3816064,0.004086487
1015,0.13878213,0.003864034
1016,-0.29370195,0.0039053587
1017,-0.032779932,0.0036081485
1018,0.37577543,0.004063997
1019,0.13401397,0.0037154611
1020,-0.28258353,0.004062206
1021,-0.026697509,0.0035752202
1022,0.37839687,0.0040954333
1023,0.13445239,0.0036020356
1024,-0.3129501,0.0039620628
1025,-0.2190918,0.005404497
1026,0.2579765,0.0046887808
1027,0.062183253,0.00374436
1028,-0.32595468,0.0041819545
1029,-0.05205425,0.004086478
1030,0.3623316,0.0041027395
1031,0.124294534,0.0035091983
1032,-0.30720404,0.0038458563
1033,-0.043541115,0.003500177
1034,0.36646426,0.004022729
1035,0.12601075,0.0034169487
1036,-0.350116,0.0037474965
1037,-0.24988408,0.004759412
1038,0.24098447,0.0046589137
1039,0.05305581,0.0042238194
1040,-0.3735097,0.0041373037
1041,-0.2574313,0.005284712
1042,0.23760474,0.00471585
1043,0.054215625,0.004029433
1044,-0.3816917,0.0039653946
1045,-0.2672172,0.0050093345
1046,0.23616274,0.0045390814
1047,0.055930763,0.0038257893
1048,-0.33773002,0.0038674842
1049,-0.05275166,0.0036354319
1050,0.3689041,0.004281097
1051,0.13447392,0.0034599716
1052,-0.27268112,0.0037919073
1053,-0.014728759,0.0037075956
1054,0.39156607,0.0041207895
1055,0.14745913,0.0038126898
1056,-0.27214688,0.0037677342
1057,-0.019675782,0.0035368956
1058,0.38530424,0.004007626
1059,0.14411831,0.0035653964
1060,-0.2818336,0.0040116482
1061,-0.022556396,0.0036740461
1062,0.38397074,0.0040504728
1063,0.14196402,0.0038760055
1064,-0.2822499,0.0038026865
1065,-0.024461035,0.0037565837
1066,0.3816626,0.0041480446
1067,0.13885981,0.003628515
1068,-0.29316083,0.0037442113
1069,-0.03253452,0.0031666623
1070,0.37602413,0.003832362
1071,0.13422276,0.0036933343
1072,-0.2826386,0.0036248383
1073,-0.026654247,0.0035691166
1074,0.37843546,0.004018808
1075,0.13435015,0.0037869646
1076,-0.31429687,0.003883658
1077,-0.2186854,0.005524493
1078,0.25766718,0.0047937683
1079,0.061861377,0.0040912568
1080,-0.32693964,0.0041011595
1081,-0.052518163,0.0036160192
1082,0.361847,0.0042985156
1083,0.12416865,0.0036083243
1084,-0.30886206,0.004019167
1085,-0.04482778,0.003627256
1086,0.36568463,0.0038840037
1087,0.12550859,0.0037480297
1088,-0.34981206,0.0039028982
1089,-0.2490354,0.00549022
1090,0.241804,0.0050429455
1091,0.05344717,0.0041892617
1092,-0.3731792,0.003955725
1093,-0.25690195,0.005769286
1094,0.23816508,0.0049182097
1095,0.0543771,0.0039785746
1096,-0.38107046,0.0039364207
1097,-0.26625472,0.005748382
1098,0.23675537,0.004686199
1099,0.056201268,0.0037949865
1100,-0.33873487,0.004031232
1101,-0.053275682,0.0038417587
1102,0.36865255,0.004329568
1103,0.13432871,0.0037581462
1104,-0.2728773,0.0037702608
1105,-0.014744385,0.003497454
1106,0.39136422,0.004142888
1107,0.14741284,0.0036801293
1108,-0.27293164,0.0038859027
1109,-0.020486034,0.0038576098
1110,0.38482675,0.0041414294
1111,0.14377734,0.0036914276
1112,-0.28312495,0.003876293
1113,-0.023231104,0.0032953
1114,0.38348404,0.004317513
1115,0.1417226,0.0037039071
1116,-0.28654444,0.0039112405
1117,-0.027513964,0.0034645225
1118,0.37976158,0.0039840857
1119,0.13772823,0.003581364
1120,-0.2949049,0.0035679776
1121,-0.033617675,0.003478737
1122,0.37527946,0.004168362
1123,0.13391905,0.0037028373
1124,-0.2818352,0.0037454998
1125,-0.025934424,0.0034238165
1126,0.37905917,0.0044043623
1127,0.13485064,0.0038094425
1128,-0.3138105,0.003955945
1129,-0.21857212,0.005476711
1130,0.2582881,0.004776001
1131,0.06255054,0.004048301
1132,-0.32457876,0.003829664
1133,-0.051112987,0.003681195
1134,0.36302188,0.004041195
1135,0.12494023,0.0037140627
1136,-0.30631465,0.0037601313
1137,-0.042955223,0.0036035103
1138,0.36688995,0.004127076
1139,0.12623784,0.0037207662
1140,-0.34911752,0.004078739
1141,-0.24861547,0.0052158902
1142,0.24202691,0.004559868
1143,0.053892285,0.003826557
1144,-0.37029946,0.0038950774
1145,-0.25495028,0.005622791
1146,0.23963906,0.0048572053
1147,0.055346437,0.0035268876
1148,-0.37999916,0.003726494
1149,-0.26530397,0.005259546
1150,0.23732163,0.0046957023
1151,0.056377638,0.00391471
1152,-0.33707333,0.003934259
1153,-0.052426808,0.0035022073
1154,0.3692405,0.004140268
1155,0.13458711,0.0040345266
1156,-0.2725125,0.0037431824
1157,-0.014666162,0.0034935316
1158,0.39133418,0.0040804353
1159,0.14740552,0.0035568252
1160,-0.27251294,0.003954984
1161,-0.019991944,0.0035555523
1162,0.38499594,0.004185269
1163,0.14391558,0.0041439747
1164,-0.28262675,0.0039583654
1165,-0.023123438,0.003542414
1166,0.38366193,0.0038569476
1167,0.14170176,0.003574089
1168,-0.2822564,0.0039153406
1169,-0.024545068,0.0034868754
1170,0.381558,0.0041555115
1171,0.13872086,0.0036598283
1172,-0.29344732,0.004052106
1173,-0.03266377,0.0034315675
1174,0.37583983,0.0039589866
1175,0.13401791,0.0034081985
1176,-0.2828848,0.0037501857
1177,-0.02687871,0.0035085066
1178,0.37826654,0.0041096383
1179,0.13426812,0.00399535
1180,-0.3135164,0.0038565828
1181,-0.21734868,0.0053864196
1182,0.25827998,0.0046183052
1183,0.06233086,0.0038044332
1184,-0.3272959,0.003969294
1185,-0.052673094,0.0036890372
1186,0.36188456,0.003992933
1187,0.12391865,0.0035954064
1188,-0.30860567,0.0037624263
1189,-0.04451289,0.0035953443
1190,0.3659255,0.0041871173
1191,0.12565112,0.0038104868
1192,-0.35016337,0.0038946583
1193,-0.24940293,0.0051003327
1194,0.2412982,0.004610658
1195,0.05333081,0.003930119
1196,-0.37467396,0.0038796589
1197,-0.25752354,0.0055762287
1198,0.23775083,0.005010341
1199,0.05391675,0.003937302
1200,-0.3832062,0.0037368783
1201,-0.26751631,0.005544741
1202,0.23612866,0.0047582113
1203,0.055721827,0.0039010057
1204,-0.33929706,0.003839124
1205,-0.053708203,0.0034752826
1206,0.36831787,0.0038456162
1207,0.13433321,0.0035847535
1208,-0.272952,0.0038352564
1209,-0.014889014,0.00350887
1210,0.39141002,0.004160756
1211,0.14741303,0.0035542254
1212,-0.27300802,0.0040014745
1213,-0.020326221,0.0035702337
1214,0.38499403,0.004042166
1215,0.14400664,0.003735444
1216,-0.28272924,0.00387538
1217,-0.023023877,0.0036273035
1218,0.38376918,0.004152028
1219,0.1419209,0.003664708
1220,-0.28234234,0.0039368
1221,-0.02448755,0.0036599184
1222,0.3817957,0.004322413
1223,0.1389725,0.0036977555
1224,-0.29276276,0.00381046
1225,-0.03210537,0.0037466218
1226,0.37632197,0.0042278804
1227,0.13450377,0.0035297386
1228,-0.2828204,0.0038334758
1229,-0.026689112,0.003423945
1230,0.37842032,0.0039685187
1231,0.13441738,0.0034185639
1232,-0.31349936,0.0039679385
1233,-0.21829614,0.0053659794
1234,0.2584293,0.004648284
1235,0.062481444,0.0038178079
1236,-0.32588032,0.0040819095
1237,-0.051828906,0.0035741897
1238,0.36243066,0.004079724
1239,0.12447061,0.0038797075
1240,-0.3075798,0.003855401
1241,-0.043794777,0.0038604268
1242,0.36652267,0.0041657006
1243,0.1260166,0.0039973906
1244,-0.3500562,0.0042138854
1245,-0.24898925,0.004838171
1246,0.2415041,0.004645785
1247,0.053473976,0.0036993432
1248,-0.3722235,0.0039763874
1249,-0.25571346,0.005565929
1250,0.23899257,0.004975976
1251,0.05489336,0.003956788
1252,-0.38062558,0.004129603
1253,-0.26561728,0.0055321073
1254,0.23699726,0.004615593
1255,0.056314357,0.0038594254
1256,-0.3382098,0.0039915433
1257,-0.053089745,0.0035046549
1258,0.36875445,0.0041818917
1259,0.1342793,0.003776116
1260,-0.2728006,0.003810488
1261,-0.014765918,0.0036382508
1262,0.39145526,0.004282541
1263,0.14745753,0.0036390328
1264,-0.27255785,0.004296379
1265,-0.020004395,0.003597512
1266,0.38504976,0.004167863
1267,0.14399688,0.0038510778
1268,-0.28287348,0.00368353
1269,-0.023159912,0.003317341
1270,0.38368505,0.0039458587
1271,0.14173129,0.003465501
1272,-0.28240463,0.0036576013
1273,-0.024615284,0.0034411813
1274,0.38167402,0.0040278346
1275,0.13884795,0.003807105
1276,-0.29236284,0.004203905
1277,-0.031832665,0.0036003115
1278,0.37633136,0.004261141
1279,0.13446373,0.003603309
1280,-0.2830285,0.003886883
1281,-0.02681377,0.0036495056
1282,0.37827882,0.0043711457
1283,0.13423975,0.0034896089
1284,-0.3141591,0.0038673207
1285,-0.21817964,0.0056869644
1286,0.2583859,0.004788905
1287,0.06271753,0.0041043153
1288,-0.32777318,0.0041080555
1289,-0.052930858,0.00369252
1290,0.36141676,0.0043280055
1291,0.123858646,0.0037319246
1292,-0.30987462,0.0037691998
1293,-0.04531538,0.00345083
1294,0.3655026,0.0040238076
1295,0.1254333,0.003511787
1296,-0.35012114,0.0038476556
1297,-0.2506749,0.005196426
1298,0.24068907,0.0046434584
1299,0.05312246,0.0037542337
1300,-0.37429795,0.0039762766
1301,-0.2588248,0.005702604
1302,0.23720445,0.0050423937
1303,0.053870898,0.0037556281
1304,-0.3822019,0.0038711447
1305,-0.26835757,0.005595385
1306,0.23559877,0.0047359145
1307,0.05573838,0.003918802
1308,-0.33788678,0.0038814663
1309,-0.05257046,0.0037390261
1310,0.3691456,0.0040445873
1311,0.13477646,0.003609634
1312,-0.2724348,0.0039894897
1313,-0.014404297,0.0035508524
1314,0.3917572,0.0039253277
1315,0.14780645,0.0035599086
1316,-0.2728853,0.0038274182
1317,-0.02020171,0.003292452
1318,0.38517296,0.004120612
1319,0.14417769,0.0037652606
1320,-0.28097716,0.003821524
1321,-0.02175039,0.003242234
1322,0.38397843,0.0039712125
1323,0.14211412,0.0035526543
1324,-0.2854358,0.0038574666
1325,-0.026714355,0.0033676662
1326,0.38057065,0.0039557144
1327,0.13837954,0.003347507
1328,-0.29511112,0.0039259084
1329,-0.033594824,0.003241768
1330,0.3755604,0.0041162902
1331,0.13400455,0.0037866381
1332,-0.28208,0.0038743801
1333,-0.02592168,0.0033021257
1334,0.3790834,0.0043504285
1335,0.1350749,0.0038928862
1336,-0.3131798,0.004012321
1337,-0.21946074,0.0054192287
1338,0.25776502,0.0048051695
1339,0.06227539,0.0038111266
1340,-0.32537758,0.003960291
1341,-0.051444776,0.0036627892
1342,0.36295512,0.004047461
1343,0.1248898,0.0036248825
1344,-0.30521944,0.0037332466
1345,-0.042166553,0.0032125432
1346,0.3674976,0.0041150106
1347,0.12678248,0.0037877592
1348,-0.34835282,0.0038144502
1349,-0.24927369,0.0046752486
1350,0.2415913,0.0044265045
1351,0.05344536,0.004215388
1352,-0.37151402,0.0039423048
1353,-0.25656343,0.005461116
1354,0.23848672,0.004871391
1355,0.054955177,0.0038541416
1356,-0.3813654,0.003842931
1357,-0.267573,0.0052281185
1358,0.23615244,0.004451429
1359,0.05583501,0.003727265
1360,-0.33694634,0.0041748164
1361,-0.052003026,0.0038494999
1362,0.36961803,0.0041295257
1363,0.13498291,0.003686516
1364,-0.27226934,0.0038424637
1365,-0.01432295,0.0036826835
1366,0.3918678,0.003940987
1367,0.14773081,0.0036963806
1368,-0.27104405,0.0039094854
1369,-0.018959131,0.0035368619
1370,0.38593686,0.0042305985
1371,0.14462109,0.0037066143
1372,-0.27898642,0.0040544975
1373,-0.020701904,0.0035054374
1374,0.38514635,0.0038923377
1375,0.14280751,0.0036885173
1376,-0.2811798,0.0040936833
1377,-0.02372461,0.0037244784
1378,0.3822491,0.0039512436
1379,0.13917178,0.003628974
1380,-0.2944225,0.0039028472
1381,-0.0333832,0.0035670286
1382,0.3754928,0.0040495247
1383,0.1338745,0.0038034997
1384,-0.2825784,0.0037214686
1385,-0.026608007,0.0036280528
1386,0.3784713,0.0040164213
1387,0.13443272,0.0034934077
1388,-0.31426612,0.003849259
1389,-0.21967123,0.0053423927
1390,0.2575848,0.0049015014
1391,0.06206284,0.0040260726
1392,-0.32589957,0.003975143
1393,-0.05195244,0.0035164393
1394,0.36240312,0.004217129
1395,0.12454375,0.0035326607
1396,-0.3068934,0.004138289
1397,-0.043467432,0.003606517
1398,0.36654496,0.0041022287
1399,0.12607989,0.0034620871
1400,-0.34890687,0.0038883812
1401,-0.24921083,0.0046509095
1402,0.24160239,0.0045747943
1403,0.05340879,0.0036309792
1404,-0.3712984,0.0039222306
1405,-0.25626075,0.0055188616
1406,0.23871094,0.0047763577
1407,0.054826368,0.0036815659
1408,-0.38137567,0.003892313
1409,-0.267236,0.005243504
1410,0.23610361,0.0046941433
1411,0.05603667,0.0037005683
1412,-0.33831713,0.0039163055
1413,-0.053040672,0.0037937006
1414,0.3689582,0.0042232974
1415,0.13444209,0.0036612484
1416,-0.27258125,0.0041053095
1417,-0.014576807,0.0039506094
1418,0.39166024,0.0040990785
1419,0.14776856,0.0037312508
1420,-0.2720188,0.0040821144
1421,-0.019860204,0.0036349692
1422,0.3852334,0.003994523
1423,0.14419268,0.0035949252
1424,-0.27959156,0.003818988
1425,-0.021045508,0.0034543949
1426,0.38498604,0.0042352416
1427,0.14249043,0.0034884864
1428,-0.28100225,0.0037987782
1429,-0.023637256,0.0033855014
1430,0.38232133,0.003951125
1431,0.13933305,0.0035981173
1432,-0.2933231,0.0037691079
1433,-0.03276758,0.0035192764
1434,0.37573096,0.004194356
1435,0.13403462,0.0034642024
1436,-0.28183788,0.0041350867
1437,-0.02606455,0.0035788128
1438,0.37880683,0.0041479925
1439,0.13461357,0.0037497159
1440,-0.31455943,0.003996371
1441,-0.22005986,0.0053571532
1442,0.25748667,0.0046210545
1443,0.061846435,0.003920303
1444,-0.32505468,0.0039072917
1445,-0.05145664,0.003321048
1446,0.36260697,0.0042825965
1447,0.12455083,0.0037329958
1448,-0.30542934,0.0043136803
1449,-0.042426366,0.003537753
1450,0.36708128,0.00404918
1451,0.12613775,0.0038434977
1452,-0.34902003,0.0039489744
1453,-0.24883433,0.005157009
1454,0.2418039,0.0047964426
1455,0.05365996,0.0037855704
1456,-0.37126577,0.0038650755
1457,-0.2558082,0.0057716668
1458,0.23911172,0.004902724
1459,0.054927394,0.003781216
1460,-0.3803606,0.0037078955
1461,-0.26582924,0.005569041
1462,0.23681992,0.0047757677
1463,0.05615112,0.0038623437
1464,-0.33745965,0.004032776
1465,-0.052629493,0.0035616253
1466,0.3690486,0.0040197256
1467,0.1345727,0.0040984084
1468,-0.27274868,0.0039908797
1469,-0.014969092,0.0035087403
1470,0.39119244,0.004287768
1471,0.14721416,0.0035822694
1472,-0.27211055,0.0039359196
1473,-0.019706056,0.0035145385
1474,0.38519862,0.004009397
1475,0.14394453,0.0033972582
1476,-0.27955526,0.0038960082
1477,-0.021254003,0.003951587
1478,0.38478804,0.0044502895
1479,0.14230312,0.0035187453
1480,-0.28108716,0.0037122725
1481,-0.023937745,0.0037167168
1482,0.38207945,0.004158152
1483,0.13901874,0.0036202192
1484,-0.29201767,0.0038454118
1485,-0.031767286,0.0034699698
1486,0.37632418,0.0040874234
1487,0.13419707,0.0037506248
1488,-0.2823259,0.0039059562
1489,-0.026629005,0.0035047506
1490,0.37832946,0.004133257
1491,0.1342106,0.0035945573
1492,-0.31396195,0.0038424353
1493,-0.21826582,0.006122939
1494,0.25774947,0.004720644
1495,0.061953027,0.003982471
1496,-0.3270501,0.0042095524
1497,-0.052656446,0.0036585233
1498,0.36199513,0.0044960463
1499,0.1237731,0.0036781924
1500,-0.30723852,0.003960424
1501,-0.043794435,0.003402349
1502,0.3662598,0.004218581
1503,0.12582368,0.003423143
1504,-0.3494252,0.0036499985
1505,-0.24994825,0.0049329083
1506,0.24100626,0.0045890333
1507,0.05296455,0.0037713638
1508,-0.3731568,0.0041613835
1509,-0.25767237,0.005416661
1510,0.23787807,0.0046482407
1511,0.053942528,0.0037870414
1512,-0.38086167,0.0039725807
1513,-0.26689526,0.0053864173
1514,0.23633546,0.0047736964
1515,0.055916212,0.0038718355
1516,-0.3383354,0.003874729
1517,-0.05330264,0.0036566497
1518,0.36850795,0.0043599443
1519,0.1340441,0.0035162915
1520,-0.27317998,0.0038302802
1521,-0.015052783,0.0036391574
1522,0.39115918,0.0041133855
1523,0.14719741,0.0035902506
1524,-0.27269018,0.003899591
1525,-0.020237647,0.0036791547
1526,0.38504562,0.0040170504
1527,0.14382012,0.0032591633
1528,-0.27981016,0.0035383494
1529,-0.021383593,0.003310149
1530,0.38455313,0.003976238
1531,0.14226064,0.0034238182
1532,-0.28475836,0.0038248298
1533,-0.026369482,0.003549935
1534,0.38070005,0.00392076
1535,0.1381751,0.003917374
1536,-0.2950833,0.0037921523
1537,-0.033945948,0.0035806273
1538,0.37521422,0.004108942
1539,0.13350415,0.003385091
1540,-0.28125277,0.0040785684
1541,-0.02573042,0.0035517989
1542,0.37895375,0.0040014856
1543,0.134733,0.0035117741
1544,-0.31456503,0.0038752875
1545,-0.21979965,0.005056952
1546,0.25752285,0.0046171187
1547,0.061918702,0.0038344783
1548,-0.32490942,0.003811636
1549,-0.051300537,0.0034938713
1550,0.3626862,0.0041539175
1551,0.12456406,0.0034507446
1552,-0.3063115,0.003917812
1553,-0.04307207,0.0034643288
1554,0.36664394,0.003909954
1555,0.12609042,0.0035494529
1556,-0.34855172,0.0038723976
1557,-0.24840117,0.0050787088
1558,0.24214444,0.00455411
1559,0.05336123,0.0037019195
1560,-0.36992276,0.004081365
1561,-0.25485006,0.0053906334
1562,0.2397682,0.004969256
1563,0.05532422,0.0039053273
1564,-0.37997803,0.004003463
1565,-0.26563096,0.00505213
1566,0.23685722,0.004486922
1567,0.056133397,0.003809321
1568,-0.33771878,0.0039468007
1569,-0.052582763,0.0036706666
1570,0.36888385,0.003896024
1571,0.13413374,0.003838412
1572,-0.2727497,0.0037707032
1573,-0.014842676,0.0034642662
1574,0.3912466,0.004072675
1575,0.14721748,0.0035792056
1576,-0.27215737,0.0037237203
1577,-0.019998243,0.0037877925
1578,0.3849901,0.004357996
1579,0.14378774,0.0037081076
1580,-0.28012896,0.0037699207
1581,-0.021597998,0.0032695115
1582,0.3844994,0.0039331494
1583,0.14201596,0.0037317283
1584,-0.28115088,0.0037641837
1585,-0.02399878,0.0035561158
1586,0.38192832,0.004145888
1587,0.13895357,0.003759106
1588,-0.292911,0.0037125973
1589,-0.03244424,0.0035563363
1590,0.3758382,0.004046199
1591,0.13391323,0.003865742
1592,-0.2810747,0.0038663396
1593,-0.025769483,0.0034151627
1594,0.37880346,0.0039979382
1595,0.13442764,0.0035679876
1596,-0.31406513,0.004000978
1597,-0.21861133,0.0055889413
1598,0.25798434,0.0047660354
1599,0.061963182,0.004115172
1600,-0.32545888,0.0039021664
1601,-0.051813133,0.0033067828
1602,0.3622741,0.0041328836
1603,0.12409438,0.0036326477
1604,-0.30610532,0.003582809
1605,-0.04318159,0.0035020765
1606,0.3665061,0.004275669
1607,0.12569189,0.003631575
1608,-0.34855586,0.0037416187
1609,-0.24939565,0.0053509627
1610,0.24122994,0.0049899495
1611,0.05305835,0.0040957523
1612,-0.36957818,0.004113786
1613,-0.25543886,0.005928171
1614,0.23885405,0.0047722347
1615,0.054818604,0.0037885676
1616,-0.38030806,0.0041134213
1617,-0.26667017,0.0058281347
1618,0.23617359,0.004801747
1619,0.05558247,0.0036769183
1620,-0.3389803,0.0036248728
1621,-0.053668994,0.0036694952
1622,0.36815044,0.0042959074
1623,0.13376567,0.003507491
1624,-0.27332914,0.003620704
1625,-0.015416114,0.0032782047
1626,0.3907577,0.0038974637
1627,0.14686298,0.0035871998
1628,-0.27302694,0.0038912278
1629,-0.020520752,0.0034978606
1630,0.3846119,0.0041661276
1631,0.14336309,0.0037655635
1632,-0.27998346,0.0037141233
1633,-0.0216417,0.0035372106
1634,0.38449425,0.0042337566
1635,0.14210258,0.0036180215
1636,-0.281775,0.0036808006
1637,-0.024573486,0.003629553
1638,0.38164425,0.0039985687
1639,0.13861948,0.0038384062
1640,-0.2932149,0.0039791884
1641,-0.032726854,0.003285841
1642,0.37558037,0.0039031818
1643,0.13372535,0.003521822
1644,-0.28266832,0.0038748262
1645,-0.026789697,0.003639473
1646,0.3782703,0.0039687487
1647,0.13400024,0.0035544406
1648,-0.31410557,0.003845548
1649,-0.21977788,0.005336585
1650,0.2573802,0.0047494597
1651,0.061801612,0.0039946083
1652,-0.32639176,0.0038394183
1653,-0.05256372,0.0034375712
1654,0.36187613,0.0040665967
1655,0.12389062,0.0036094214
1656,-0.30680797,0.003755097
1657,-0.043463524,0.003618382
1658,0.36636913,0.0041730274
1659,0.12578174,0.003767331
1660,-0.34980822,0.003977063
1661,-0.25032133,0.00501958
1662,0.24076533,0.0045085843
1663,0.052942675,0.0040206485
1664,-0.37254328,0.0040813875
1665,-0.25753212,0.0054020416
1666,0.2379184,0.0049174516
1667,0.054002147,0.0037898135
1668,-0.38049555,0.004147626
1669,-0.26694238,0.00528475
1670,0.23610464,0.0045010997
1671,0.055752736,0.0036422065
1672,-0.33840728,0.0042819954
1673,-0.053259816,0.0035109133
1674,0.36842245,0.0040940465
1675,0.13405195,0.0035668663
1676,-0.27312902,0.0035836466
1677,-0.015226269,0.0036499733
1678,0.39105907,0.003913608
1679,0.14708336,0.003568312
1680,-0.27236435,0.0038899428
1681,-0.019863233,0.0036478876
1682,0.38502696,0.004045295
1683,0.14388448,0.0036645255
1684,-0.27872667,0.0037426173
1685,-0.020869043,0.0035414977
1686,0.38497084,0.0042898855
1687,0.14248286,0.0036989334
1688,-0.28086972,0.0037579492
1689,-0.023629248,0.0034195564
1690,0.38219848,0.004045983
1691,0.13900498,0.0034690138
1692,-0.29127535,0.0044091456
1693,-0.03137866,0.003444959
1694,0.37662992,0.0042420905
1695,0.13443686,0.0036888276
1696,-0.2801949,0.0037712378
1697,-0.0252792,0.003697002
1698,0.37907368,0.004201061
1699,0.13449039,0.0037690331
1700,-0.31464547,0.0040031536
1701,-0.22017144,0.005721054
1702,0.25732252,0.0046507698
1703,0.061043456,0.00398903
1704,-0.32599664,0.004105826
1705,-0.05202588,0.003820067
1706,0.3621091,0.0040517347
1707,0.12403247,0.0035372002
1708,-0.3065395,0.0040959935
1709,-0.04378198,0.003522584
1710,0.36607715,0.0039527128
1711,0.12544082,0.00355177
1712,-0.34912154,0.004021843
1713,-0.24981728,0.00498828
1714,0.24095508,0.0043715825
1715,0.053001564,0.0038824882
1716,-0.3702379,0.0039685857
1717,-0.25614235,0.005208919
1718,0.23860464,0.0048278426
1719,0.054520704,0.0036888835
1720,-0.37956333,0.0038329302
1721,-0.26633576,0.0054194108
1722,0.23627378,0.0046281954
1723,0.055723045,0.0037929567
1724,-0.33891806,0.0037437058
1725,-0.053773243,0.0031528284
1726,0.36801982,0.0039636437
1727,0.1337252,0.003585558
1728,-0.27347016,0.0039412356
1729,-0.015458203,0.003458668
1730,0.39077216,0.0040187044
1731,0.14681387,0.003561002
1732,-0.27327803,0.0037304298
1733,-0.020805126,0.0040211584
1734,0.38446382,0.004373313
1735,0.1434003,0.0035196755
1736,-0.27986118,0.003886374
1737,-0.021535497,0.003591457
1738,0.3837209,0.0040531326
1739,0.14157803,0.0034711538
1740,-0.2865127,0.0037730897
1741,-0.027773827,0.0035148573
1742,0.37958872,0.0041115475
1743,0.13745376,0.0036411863
1744,-0.29478428,0.0038907893
1745,-0.033603612,0.003647777
1746,0.3751223,0.004295291
1747,0.13360527,0.0035370986
1748,-0.28281105,0.003964029
1749,-0.02681582,0.003512583
1750,0.3783085,0.0040632053
1751,0.13420434,0.003513514
1752,-0.31338418,0.003905603
1753,-0.2193354,0.0054703024
1754,0.25767046,0.004905467
1755,0.061910156,0.0039019317
1756,-0.32645255,0.0040254276
1757,-0.05256382,0.0039941543
1758,0.36177626,0.003998802
1759,0.12394497,0.0036668845
1760,-0.30596215,0.003882668
1761,-0.042791504,0.0036915017
1762,0.3667291,0.00447497
1763,0.12596773,0.0036259552
1764,-0.3505379,0.0042133615
1765,-0.2505229,0.0051238295
1766,0.24065746,0.0046187066
1767,0.052770067,0.003837993
1768,-0.37425226,0.0040709944
1769,-0.25826803,0.0055402224
1770,0.2375753,0.0051151896
1771,0.053867433,0.003849806
1772,-0.38327417,0.0038568827
1773,-0.26839462,0.005665665
1774,0.23532426,0.004842616
1775,0.055445313,0.0040030186
1776,-0.3378871,0.003934874
1777,-0.052767284,0.0035072009
1778,0.3690203,0.0039294977
1779,0.13437827,0.0034214407
1780,-0.27270782,0.0036038642
1781,-0.014816456,0.0036764536
1782,0.3913861,0.004132512
1783,0.14747646,0.0034423808
1784,-0.2717038,0.0039472096
1785,-0.019520216,0.0034270263
1786,0.38535288,0.0043025166
1787,0.14404634,0.0034995766
1788,-0.27944165,0.004128217
1789,-0.021021435,0.0037652452
1790,0.38487303,0.0041947486
1791,0.14245215,0.0036119092
1792,-0.2810373,0.0037796546
1793,-0.023817774,0.0033204819
1794,0.3821255,0.0038188195
1795,0.13912617,0.003535184
1796,-0.2934087,0.003991876
1797,-0.03276792,0.0036183938
1798,0.3758681,0.0039617964
1799,0.13401616,0.0034734558
1800,-0.2832348,0.0036696338
1801,-0.02695747,0.0035845288
1802,0.37817398,0.003955339
1803,0.13406558,0.0034477953
1804,-0.3144386,0.004033987
1805,-0.21965156,0.0057333224
1806,0.2573504,0.0047711236
1807,0.061654735,0.0038056744
1808,-0.32808614,0.0041463086
1809,-0.053293895,0.0036429274
1810,0.36143324,0.004374111
1811,0.12377476,0.0037192206
1812,-0.30751637,0.0039333613
1813,-0.043864354,0.003537273
1814,0.36622953,0.0040008323
1815,0.12575865,0.0036560846
1816,-0.3502854,0.0038030334
1817,-0.24990004,0.005136547
1818,0.24114619,0.0046848594
1819,0.05302295,0.0037045397
1820,-0.37473813,0.0037652995
1821,-0.25813612,0.005364546
1822,0.23770922,0.0047117877
1823,0.053998586,0.003902099
1824,-0.38376313,0.004040073
1825,-0.2681302,0.005467011
1826,0.23544443,0.0047366936
1827,0.055445265,0.0038442025
1828,-0.33909556,0.0041835355
1829,-0.05373794,0.0035708866
1830,0.36845523,0.0039584595
1831,0.13418008,0.0037398932
1832,-0.27306357,0.0038125922
1833,-0.014791601,0.003677077
1834,0.3914111,0.004313587
1835,0.14754258,0.003862325
1836,-0.27227622,0.0037197839
1837,-0.019760204,0.0033490574
1838,0.38539195,0.004227068
1839,0.14422983,0.0035462193
1840,-0.2801109,0.003648911
1841,-0.021476563,0.0035375063
1842,0.38476923,0.0040431726
1843,0.14248608,0.003603482
1844,-0.28092232,0.0037529126
1845,-0.023607178,0.0037467985
1846,0.3823748,0.0039883438
1847,0.13939756,0.0036342924
1848,-0.29229072,0.003646653
1849,-0.03191792,0.0035810615
1850,0.37646276,0.0040419805
1851,0.13453472,0.0038157818
1852,-0.2817867,0.003785454
1853,-0.026112305,0.0033820593
1854,0.3788193,0.0039487826
1855,0.1345563,0.0037534668
1856,-0.31341094,0.0037718331
1857,-0.21819243,0.0053041885
1858,0.25833327,0.004817344
1859,0.06236338,0.0038251015
1860,-0.3252695,0.0035810003
1861,-0.05150298,0.0035884536
1862,0.36262992,0.0039710775
1863,0.12447261,0.003670663
1864,-0.30569765,0.003633295
1865,-0.042663086,0.0035419613
1866,0.3669796,0.0040951837
1867,0.12622403,0.0035177283
1868,-0.3499874,0.0039955107
1869,-0.24925674,0.0049913004
1870,0.24146342,0.0046214694
1871,0.05338833,0.004268423
1872,-0.37182862,0.004297489
1873,-0.2560462,0.0053095324
1874,0.23884843,0.0046584164
1875,0.054723535,0.003673956
1876,-0.38154,0.0037024042
1877,-0.26646483,0.0054407674
1878,0.23651093,0.0047104764
1879,0.055939406,0.0038323416
1880,-0.33845904,0.0041286554
1881,-0.05328828,0.003810254
1882,0.3685774,0.004244969
1883,0.13412583,0.0038049913
1884,-0.2729271,0.0038296203
1885,-0.0149969235,0.0036580234
1886,0.39125717,0.00428817
1887,0.14729711,0.003740475
1888,-0.27201772,0.0035810021
1889,-0.01976714,0.00363378
1890,0.38513932,0.004272842
1891,0.1439378,0.0038419003
1892,-0.28004503,0.0037720555
1893,-0.021490576,0.0033108094
1894,0.38459316,0.0040900987
1895,0.14229804,0.0037699884
1896,-0.28142017,0.0038861039
1897,-0.024084082,0.003654041
1898,0.38205507,0.004295988
1899,0.13904,0.0035026048
1900,-0.29299966,0.0035638786
1901,-0.03262129,0.003351177
1902,0.37582842,0.0042618504
1903,0.13404371,0.0038871672
1904,-0.2828062,0.0037032939
1905,-0.026805079,0.0034305188
1906,0.37820098,0.004150526
1907,0.13402544,0.004063645
1908,-0.31507692,0.0039242576
1909,-0.21937133,0.00513833
1910,0.25754604,0.0046461117
1911,0.061723683,0.0037919008
1912,-0.32670552,0.0037026128
1913,-0.05252554,0.0035773485
1914,0.3617901,0.004303944
1915,0.124044724,0.0033475717
1916,-0.30780634,0.00375112
1917,-0.044113085,0.003690293
1918,0.36612535,0.0038996723
1919,0.12563857,0.0035930362
1920,-0.3500481,0.0037661407
1921,-0.24974614,0.0051244344
1922,0.24117135,0.0046692947
1923,0.05316841,0.003835078
1924,-0.37196177,0.0044660973
1925,-0.25635353,0.005706216
1926,0.2387167,0.0050909556
1927,0.05469419,0.0038841118
1928,-0.38096157,0.00385813
1929,-0.26636523,0.005689146
1930,0.23654799,0.0049801623
1931,0.055977587,0.003891059
1932,-0.33923915,0.0040720874
1933,-0.053752147,0.0038221492
1934,0.36824477,0.004170083
1935,0.13389301,0.0036081
1936,-0.2730771,0.003785733
1937,-0.015112207,0.0034021258
1938,0.39105937,0.003977064
1939,0.14725673,0.003423945
1940,-0.27300763,0.003777103
1941,-0.020463867,0.0034866468
1942,0.38491356,0.004157985
1943,0.14374742,0.0039748163
1944,-0.28094137,0.004206192
1945,-0.022006787,0.003457927
1946,0.38419887,0.004092205
1947,0.1421602,0.0035385254
1948,-0.28533906,0.0037895401
1949,-0.027003711,0.003458834
1950,0.38021484,0.004314194
1951,0.1379417,0.003871287
1952,-0.29596,0.003807282
1953,-0.034334376,0.0035311657
1954,0.3749249,0.004326614
1955,0.13349155,0.0037804316
1956,-0.28112027,0.0039076013
1957,-0.025624415,0.00354735
1958,0.37917653,0.003927829
1959,0.13486089,0.0034556456
1960,-0.313692,0.0037991372
1961,-0.21855327,0.005859978
1962,0.2582139,0.0047595776
1963,0.06224839,0.0039855875
1964,-0.3241858,0.0037137037
1965,-0.05078496,0.0037311395
1966,0.36308998,0.0044569755
1967,0.124804296,0.0038412751
1968,-0.30459487,0.003866786
1969,-0.042033155,0.0036583852
1970,0.3674432,0.0044073244
1971,0.12657788,0.003675174
1972,-0.3487232,0.004075201
1973,-0.24914414,0.0049670935
1974,0.24163076,0.0046723383
1975,0.053450637,0.0037674175
1976,-0.36998925,0.0039057033
1977,-0.25519878,0.0052015246
1978,0.23931544,0.0048524244
1979,0.055053025,0.004175248
1980,-0.38047978,0.0040219226
1981,-0.26634327,0.0053407494
1982,0.2365853,0.0045557823
1983,0.05613657,0.0038894517
1984,-0.33837846,0.0038488663
1985,-0.05324131,0.0037745219
1986,0.36855933,0.0041421372
1987,0.13409692,0.0036007552
1988,-0.27317265,0.0038656606
1989,-0.015130322,0.0036000498
1990,0.391029,0.004026962
1991,0.14706348,0.0037361311
1992,-0.27209604,0.0037548419
1993,-0.019701172,0.0036588965
1994,0.38513663,0.0040579443
1995,0.14387558,0.0035750223
1996,-0.28002098,0.0040877876
1997,-0.02167876,0.0036376554
1998,0.38449648,0.004338172
1999,0.14214575,0.0033391293
2000,-0.2814726,0.003667848
2001,-0.024045605,0.0034863597
2002,0.38196415,0.004038265
2003,0.1389461,0.0036304758
2004,-0.2938852,0.0037750965
2005,-0.033131886,0.0035027242
2006,0.3755117,0.0041235443
2007,0.13383095,0.0038335389
2008,-0.28192428,0.0036636144
2009,-0.02633623,0.0033379358
2010,0.37854752,0.0041775685
2011,0.13430278,0.0037199443
2012,-0.31440347,0.0039635818
2013,-0.21921293,0.0053539714
2014,0.25783107,0.0048789466
2015,0.061751366,0.003699609
2016,-0.32640606,0.0035883812
2017,-0.05221587,0.0035558895
2018,0.36212295,0.0040522306
2019,0.12412954,0.0036052724
2020,-0.30714127,0.003836537
2021,-0.043777686,0.0034399093
2022,0.36613545,0.0039899405
2023,0.12557945,0.0034578508
2024,-0.35002398,0.0037155382
2025,-0.24996445,0.004876592
2026,0.2410583,0.0048805014
2027,0.052953172,0.003770611
2028,-0.3719903,0.0039113476
2029,-0.25681576,0.005348756
2030,0.23839073,0.0048222095
2031,0.054480467,0.003961241
2032,-0.38184288,0.0039040241
2033,-0.2674813,0.0054207756
2034,0.2358063,0.0046071075
2035,0.055646192,0.00375664
2036,-0.34018734,0.0039944253
2037,-0.05446597,0.0033820688
2038,0.36787662,0.004183792
2039,0.13355157,0.0038400467
2040,-0.27322003,0.0038755902
2041,-0.014968213,0.0038206826
2042,0.39117724,0.0040317597
2043,0.14735039,0.0038351838
2044,-0.27283096,0.003968528
2045,-0.020445118,0.0037741007
2046,0.38478783,0.0042459294
2047,0.14367037,0.003773465
2048,-0.28007036,0.0038437585
2049,-0.02153955,0.0035498627
2050,0.3845374,0.0040290584
2051,0.14225772,0.0039429422
2052,-0.28124535,0.0037689267
2053,-0.023898877,0.00359236
2054,0.38213715,0.004136481
2055,0.1391438,0.0033679288
2056,-0.29296196,0.0038900084
2057,-0.032497216,0.0034716749
2058,0.37579757,0.003927613
2059,0.13399668,0.0036535973
2060,-0.28227618,0.0039555547
2061,-0.026500976,0.0035390023
2062,0.3785154,0.0040574023
2063,0.13417129,0.0034049563
2064,-0.31366163,0.0036082894
2065,-0.21902534,0.0055832425
2066,0.25803623,0.0050136675
2067,0.062015086,0.0041964506
2068,-0.3258384,0.0040225256
2069,-0.051918507,0.0037021292
2070,0.36212593,0.0040227617
2071,0.12412061,0.0036786816
2072,-0.30620617,0.0041452115
2073,-0.043082274,0.0035723115
2074,0.36661172,0.003918936
2075,0.12587334,0.00375592
2076,-0.3502699,0.003724529
2077,-0.25017852,0.0052842656
2078,0.2409203,0.0050881444
2079,0.052981105,0.0039349715
2080,-0.3730391,0.0041937223
2081,-0.2573605,0.005294185
2082,0.23779859,0.0048291413
2083,0.0540937,0.0037435507
2084,-0.38191876,0.003739766
2085,-0.26738477,0.0056919646
2086,0.23587686,0.004695122
2087,0.05553052,0.0041597546
2088,-0.3391452,0.0041512316
2089,-0.05369375,0.0035071846
2090,0.36843023,0.0039204457
2091,0.13405342,0.0034869348
2092,-0.27305377,0.0037409288
2093,-0.015048536,0.0034909893
2094,0.39113617,0.004095093
2095,0.147331,0.0038762134
2096,-0.2725332,0.0040106745
2097,-0.020005517,0.003358429
2098,0.38489717,0.004209419
2099,0.14385195,0.0035806126
2100,-0.27937022,0.003610895
2101,-0.021108398,0.0033134606
2102,0.38498408,0.004297807
2103,0.14256367,0.0036055592
2104,-0.28102145,0.0036643723
2105,-0.023823438,0.0033728858
2106,0.38210204,0.004331912
2107,0.13903667,0.003427653
2108,-0.29254076,0.004035715
2109,-0.032194972,0.0034048145
2110,0.37622774,0.0040073544
2111,0.13412675,0.0036502774
2112,-0.28109574,0.0036780995
2113,-0.025733594,0.0034077545
2114,0.378887,0.0039374568
2115,0.13440068,0.0034192097
2116,-0.31441572,0.003981268
2117,-0.21945405,0.0054271463
2118,0.25738007,0.0048402008
2119,0.06165371,0.003939268
2120,-0.32682064,0.0037005914
2121,-0.052771047,0.0037253837
2122,0.36171642,0.0040826565
2123,0.12392236,0.003943387
2124,-0.30841655,0.0041002845
2125,-0.04448916,0.0035541588
2126,0.36573136,0.0038526524
2127,0.12532729,0.003501577
2128,-0.34957165,0.003934053
2129,-0.2497395,0.0050157346
2130,0.24118306,0.0049318857
2131,0.05315293,0.0040338603
2132,-0.37174633,0.0039904113
2133,-0.25640014,0.0055198814
2134,0.23866206,0.005044753
2135,0.0546459,0.004313325
2136,-0.38094237,0.003820105
2137,-0.26668265,0.0052924342
2138,0.23632725,0.0046017403
2139,0.05583584,0.003910848
2140,-0.3260996,0.003950547
2141,-0.04514634,0.0034553218
2142,0.37364897,0.0040547946
2143,0.13713476,0.0034795806
2144,-0.28159946,0.0037097977
2145,-0.020572118,0.0037475352
2146,0.38709727,0.0039542643
2147,0.14459248,0.0039723604
2148,-0.27142602,0.0038940816
2149,-0.019520069,0.0035413885
2150,0.3843735,0.0043093828
2151,0.14340127,0.0034476132
2152,-0.28103715,0.0037274228
2153,-0.022920849,0.0036940186
2154,0.3843959,0.0042902697
2155,0.14199668,0.0034626531
2156,-0.28098965,0.0034298159
2157,-0.024078565,0.003402966
2158,0.38247284,0.004228994
2159,0.13924517,0.003710536
2160,-0.28640953,0.0037381062
2161,-0.028283983,0.0035681936
2162,0.37864262,0.0040813414
2163,0.13555093,0.0035565456
2164,-0.27978072,0.0036351131
2165,-0.02515996,0.003473526
2166,0.37939486,0.0041166362
2167,0.13470532,0.0038783958
2168,-0.3094552,0.0040111295
2169,-0.231325,0.00559545
2170,0.25182065,0.004811404
2171,0.058486134,0.0037701214
2172,-0.35957646,0.0039745755
2173,-0.25254557,0.005162594
2174,0.24092007,0.004437552
2175,0.054780956,0.003526161
2176,-0.3676018,0.004258348
2177,-0.23018779,0.0050983713
2178,0.25604424,0.0047669546
2179,0.06530703,0.0038974367
2180,-0.35379755,0.0040321387
2181,-0.22630551,0.0048504355
2182,0.261281,0.00446869
2183,0.070425734,0.0038754619
2184,-0.31666127,0.0037258961
2185,-0.039694533,0.0033149384
2186,0.3768638,0.0039653084
2187,0.13944556,0.00344414
2188,-0.30929422,0.003923378
2189,-0.21093042,0.0044400175
2190,0.27219096,0.00439062
2191,0.0784043,0.0039041033
2192,-0.34107682,0.00389864
2193,-0.23398413,0.005171808
2194,0.25950298,0.004790305
2195,0.07287246,0.0037444276
2196,-0.3602435,0.0039533367
2197,-0.24054092,0.0048396247
2198,0.2570349,0.004532045
2199,0.0736374,0.00344192
2200,-0.3112587,0.004009358
2201,-0.031304393,0.0035598609
2202,0.38608468,0.003915796
2203,0.14949048,0.0037266093
2204,-0.25467816,0.003911115
2205,4.1259766e-05,0.0041419417
2206,0.4044737,0.0046769837
2207,0.15919165,0.0038065712
2208,-0.27616712,0.0039656465
2209,-0.019725146,0.0036984857
2210,0.38939896,0.0041982126
2211,0.14964038,0.0035837805
2212,-0.2966734,0.003821978
2213,-0.028942969,0.0035331883
2214,0.3841093,0.0039280728
2215,0.14530425,0.0035051815
2216,-0.2996492,0.0037913807
2217,-0.20578614,0.0053071775
2218,0.27346137,0.004446638
2219,0.078640774,0.004078224
2220,-0.34851012,0.003940618
2221,-0.21807788,0.005252655
2222,0.26692545,0.005128431
2223,0.07599956,0.00396374
2224,-0.3471062,0.003986424
2225,-0.23524751,0.0053466014
2226,0.2593881,0.00475921
2227,0.07395073,0.0038437552
2228,-0.34238246,0.0037421384
2229,-0.23457432,0.0050081494
2230,0.26269853,0.0044587194
2231,0.07787432,0.0036567803
2232,-0.33539826,0.003886031
2233,-0.23098946,0.0055147107
2234,0.2668518,0.004741158
2235,0.08242905,0.0035593333
2236,-0.33091256,0.0038721296
2237,-0.22026289,0.0051528467
2238,0.2748013,0.0047643343
2239,0.08886743,0.004084959
2240,-0.2919647,0.003888217
2241,-0.015165381,0.0034529038
2242,0.4005306,0.0039855484
2243,0.16262144,0.0035087455
2244,-0.25162983,0.003867227
2245,0.005802783,0.0035541274
2246,0.41140404,0.004085584
2247,0.16742681,0.0037216097
2248,-0.2922933,0.0036786785
2249,-0.2036124,0.0046030134
2250,0.282272,0.0044138106
2251,0.091444045,0.0036681269
2252,-0.2966331,0.0038055778
2253,-0.02092749,0.0035973012
2254,0.39380097,0.0040646256
2255,0.15660976,0.003515316
2256,-0.25420147,0.0040537817
2257,0.0016912109,0.0034189126
2258,0.40634003,0.004051969
2259,0.16197124,0.0040395013
2260,-0.2556242,0.0040181475
2261,-0.0047789062,0.0035449637
2262,0.39917108,0.00417659
2263,0.15722212,0.0039641666
2264,-0.27255028,0.004116391
2265,-0.012685694,0.0035523437
2266,0.39444932,0.0038580527
2267,0.1525043,0.0034337882
2268,-0.3025143,0.0038453909
2269,-0.20624995,0.0051285964
2270,0.27362475,0.004591359
2271,0.079383984,0.0039716237
2272,-0.3450186,0.003879044
2273,-0.2349144,0.0048743673
2274,0.25852838,0.0044636726
2275,0.07295361,0.0037285401
2276,-0.32234687,0.0040497114
2277,-0.040614747,0.0035346777
2278,0.3780419,0.0041105584
2279,0.14301597,0.0039475095
2280,-0.19859917,0.0037107216
2281,0.037360206,0.003578227
2282,0.40591958,0.004005736
2283,0.15537252,0.003505274
2284,-0.28080747,0.0039954833
2285,-0.025088184,0.003477726
2286,0.38732833,0.004122274
2287,0.14646108,0.004076014
2288,-0.27725494,0.0040844167
2289,-0.017631738,0.0032551272
2290,0.39014125,0.0041226293
2291,0.14906172,0.003604302
2292,-0.27845034,0.0037342422
2293,-0.020191113,0.0034642615
2294,0.38779068,0.003976515
2295,0.14519507,0.0035103138
2296,-0.30100572,0.0040414883
2297,-0.21099219,0.005394142
2298,0.26734883,0.0048480057
2299,0.07285171,0.0036266928
2300,-0.31288564,0.003801121
2301,-0.04007788,0.003578928
2302,0.37407872,0.004103042
2303,0.13665107,0.0035897933
2304,-0.27337876,0.003748476
2305,-0.01840371,0.0034066078
2306,0.38636908,0.0040912423
2307,0.14186719,0.00377963
2308,-0.27290595,0.003802127
2309,-0.02377627,0.0034323446
2310,0.38135973,0.0040682848
2311,0.13907525,0.0034522268
2312,-0.309169,0.004025411
2313,-0.22109985,0.0051723793
2314,0.26015607,0.0042997636
2315,0.066926956,0.004053452
2316,-0.35388336,0.0041938033
2317,-0.25215527,0.0049157413
2318,0.24414395,0.0047507533
2319,0.059728224,0.0038930771
2320,-0.37259027,0.0041521625
2321,-0.26336354,0.0055281827
2322,0.23860976,0.004754989
2323,0.058551174,0.0039997855
2324,-0.32431772,0.0037807722
2325,-0.043179736,0.003621882
2326,0.37560722,0.004081361
2327,0.13971548,0.0034452293
2328,-0.26322582,0.003747859
2329,-0.008356104,0.0037725705
2330,0.39533275,0.004129182
2331,0.15071504,0.0035828834
2332,-0.28098863,0.0038242303
2333,-0.026331006,0.0037909974
2334,0.38303903,0.003929863
2335,0.14297168,0.003837504
2336,-0.28114668,0.003959659
2337,-0.021981543,0.0037682056
2338,0.385397,0.003977416
2339,0.14370567,0.0035636444
2340,-0.28170112,0.0036940794
2341,-0.023640038,0.0033746362
2342,0.38363037,0.0039295517
2343,0.141194,0.0037722134
2344,-0.28643692,0.0038645996
2345,-0.027824268,0.003750661
2346,0.37896845,0.004118336
2347,0.13694131,0.0039651645
2348,-0.2924086,0.0041200384
2349,-0.032829784,0.0036792362
2350,0.37541503,0.0038034036
2351,0.13329966,0.0035198333
2352,-0.302858,0.003743443
2353,-0.040053613,0.0035457534
2354,0.36996284,0.0040407064
2355,0.12923437,0.0038595
2356,-0.28313094,0.0039023801
2357,-0.02838086,0.0036161593
2358,0.37578648,0.0042438796
2359,0.13180527,0.0035151774
2360,-0.28454736,0.003615035
2361,-0.030626465,0.003603428
2362,0.37365523,0.004173038
2363,0.12947182,0.0035599992
2364,-0.28704056,0.0038300168
2365,-0.033281006,0.0035843027
2366,0.37105817,0.0041560624
2367,0.12699883,0.004016197
2368,-0.32274702,0.0039373897
2369,-0.23364092,0.0050640213
2370,0.24560747,0.004493787
2371,0.052220557,0.0037415014
2372,-0.33290714,0.0035776368
2373,-0.059298143,0.003456662
2374,0.3555789,0.0041672713
2375,0.117766894,0.003908895
2376,-0.29909736,0.003940807
2377,-0.040899657,0.00329691
2378,0.3661951,0.0040077986
2379,0.12351684,0.0035507067
2380,-0.30069888,0.003828213
2381,-0.046674367,0.0033737624
2382,0.36184907,0.004219109
2383,0.12128491,0.0035930886
2384,-0.33044332,0.0037458036
2385,-0.23281114,0.0054830713
2386,0.24672617,0.004584142
2387,0.05352588,0.0036604542
2388,-0.37072286,0.003900341
2389,-0.2713562,0.005150317
2390,0.2277104,0.0050522694
2391,0.045429688,0.0041509564
2392,-0.36273402,0.00404362
2393,-0.25178075,0.005208611
2394,0.24222104,0.0046800477
2395,0.056288086,0.0038488037
2396,-0.3233371,0.0037325514
2397,-0.04704043,0.003385191
2398,0.36887178,0.004146453
2399,0.1312477,0.003587878
2400,-0.28746417,0.0038556145
2401,-0.028246973,0.0038419997
2402,0.37929815,0.004313237
2403,0.13653135,0.003575234
2404,-0.32877496,0.0039256434
2405,-0.24030639,0.0048828437
2406,0.24971084,0.0043886905
2407,0.06142505,0.0038749115
2408,-0.3584051,0.0037909432
2409,-0.24675186,0.004649448
2410,0.24774112,0.004692967
2411,0.06274463,0.0039618453
2412,-0.34750274,0.0039045734
2413,-0.24052495,0.004840258
2414,0.25407484,0.0045569576
2415,0.068418115,0.0038188298
2416,-0.31222525,0.003623325
2417,-0.036040526,0.003585538
2418,0.37995067,0.0039615342
2419,0.14249165,0.0036960219
2420,-0.26839352,0.0036055762
2421,-0.01195415,0.0034556587
2422,0.3932747,0.0040945183
2423,0.14916158,0.0037503743
2424,-0.27826694,0.003775591
2425,-0.02424087,0.0034604208
2426,0.38310927,0.003969178
2427,0.14312173,0.0035559498
2428,-0.3051129,0.0037234884
2429,-0.20365356,0.004691322
2430,0.27280205,0.004157783
2431,0.076787405,0.003954344
2432,-0.3125868,0.004065663
2433,-0.03927964,0.0035398253
2434,0.3749561,0.0041363724
2435,0.13744204,0.0041291374
2436,-0.2725443,0.0039294455
2437,-0.017527783,0.0034573472
2438,0.38719693,0.004128193
2439,0.14335005,0.0036912116
2440,-0.26838183,0.0038456
2441,-0.020262305,0.0034822905
2442,0.38440812,0.004031214
2443,0.14122851,0.0033833482
2444,-0.28007245,0.0036445714
2445,-0.023367578,0.003522477
2446,0.38186416,0.0039544352
2447,0.13900214,0.003497058
2448,-0.2829339,0.004019917
2449,-0.026562989,0.0034355526
2450,0.37890127,0.003876259
2451,0.13569301,0.0036610211
2452,-0.29619306,0.0038299493
2453,-0.036560155,0.0031799253
2454,0.37049747,0.003955405
2455,0.12933584,0.003648273
2456,-0.34933105,0.003792984
2457,-0.2434524,0.0045400024
2458,0.2422708,0.0044211405
2459,0.0532187,0.004003321
2460,-0.32615787,0.003926198
2461,-0.052427247,0.0035153949
2462,0.36269298,0.004067897
2463,0.12512319,0.0037519804
2464,-0.29377398,0.0037918468
2465,-0.03521753,0.0036695846
2466,0.37249696,0.0042967247
2467,0.13015904,0.0037296468
2468,-0.32442364,0.0039810156
2469,-0.24221103,0.0050267745
2470,0.24655338,0.0046146926
2471,0.05687051,0.0039880206
2472,-0.36364678,0.0039853244
2473,-0.25270328,0.005810843
2474,0.2418646,0.0050856234
2475,0.05674214,0.004394164
2476,-0.34239674,0.0039554248
2477,-0.05937412,0.0034903027
2478,0.361524,0.0040680794
2479,0.12751557,0.0041349484
2480,-0.29129267,0.0039818403
2481,-0.029349854,0.0035612641
2482,0.37912157,0.004093008
2483,0.1372184,0.003434719
2484,-0.27462256,0.0040391907
2485,-0.023907421,0.0034993382
2486,0.38004902,0.0043347334
2487,0.13874301,0.0035869838
2488,-0.29296285,0.0040390594
2489,-0.03268755,0.0035661978
2490,0.3763205,0.0038903335
2491,0.13509023,0.0036754932
2492,-0.30374122,0.004057236
2493,-0.040245753,0.0035952667
2494,0.37063715,0.004236775
2495,0.13047963,0.0037045395
2496,-0.29738858,0.0037862468
2497,-0.03698125,0.0033286535
2498,0.37010312,0.0040249433
2499,0.12933272,0.0036845198
2500,-0.33113116,0.003811606
2501,-0.24114375,0.0054639424
2502,0.24475014,0.0044886153
2503,0.054366212,0.003663536
2504,-0.3397346,0.003767258
2505,-0.06079834,0.0037462537
2506,0.35686728,0.0042478996
2507,0.121208005,0.0035571428
2508,-0.28899896,0.0036913117
2509,-0.03181792,0.0035415862
2510,0.37456816,0.0042048255
2511,0.13126734,0.0035195886
2512,-0.2793514,0.003852983
2513,-0.030354932,0.0035233484
2514,0.37430018,0.0040817587
2515,0.13119058,0.0036204893
2516,-0.33058348,0.0038284492
2517,-0.23138306,0.0050748102
2518,0.24989498,0.004484183
2519,0.057524316,0.0037334529
2520,-0.38697037,0.004121814
2521,-0.27954474,0.005716317
2522,0.22374047,0.0048153643
2523,0.04515913,0.004237216
2524,-0.3697046,0.004014289
2525,-0.25818905,0.0058625787
2526,0.24008453,0.004773947
2527,0.057428468,0.0038302417
2528,-0.36301962,0.0038671214
2529,-0.2573003,0.005337728
2530,0.24306758,0.0045073754
2531,0.061318897,0.0036960896
2532,-0.31600824,0.0038875288
2533,-0.03776621,0.0033782108
2534,0.3794208,0.004216303
2535,0.14239086,0.0039389906
2536,-0.30143565,0.0036548937
2537,-0.20987925,0.004629579
2538,0.27430215,0.004634939
2539,0.08114775,0.0037720432
2540,-0.31394336,0.0041147065
2541,-0.03705874,0.0033757037
2542,0.37951934,0.004189268
2543,0.14323804,0.0036699614
2544,-0.32692817,0.0042857644
2545,-0.22678696,0.0049409564
2546,0.2629722,0.0044309357
2547,0.07537773,0.003513185
2548,-0.34653223,0.003913371
2549,-0.24186225,0.005655777
2550,0.2562539,0.0047180024
2551,0.073277734,0.0035600625
2552,-0.3120059,0.0039394996
2553,-0.032925487,0.0036771616
2554,0.38449106,0.004213235
2555,0.148648,0.0038438928
2556,-0.29816812,0.003891803
2557,-0.20332822,0.004548349
2558,0.2808997,0.004539747
2559,0.08801372,0.0037335881
2560,-0.29260176,0.0035618753
2561,-0.020586524,0.0033655616
2562,0.39244,0.00427329
2563,0.15355591,0.0036211994
2564,-0.2694248,0.0039677587
2565,-0.01033667,0.0034056248
2566,0.39663398,0.004085201
2567,0.15452808,0.003617015
2568,-0.31940064,0.004021234
2569,-0.21835679,0.005300969
2570,0.26856983,0.0045095365
2571,0.07892588,0.0038027705
2572,-0.3406733,0.0038889607
2573,-0.2353314,0.005000789
2574,0.2602834,0.0043488876
2575,0.07637427,0.0036538693
2576,-0.30624077,0.0037355474
2577,-0.028511865,0.003527756
2578,0.38758168,0.004120362
2579,0.15087597,0.0037542558
2580,-0.2658322,0.0037724667
2581,-0.006815039,0.0032963895
2582,0.39917183,0.0039833505
2583,0.15601103,0.0034599516
2584,-0.294713,0.0038212498
2585,-0.2002977,0.00487053
2586,0.28144372,0.0044325576
2587,0.08720767,0.0038018876
2588,-0.3105129,0.003941641
2589,-0.03342842,0.003945419
2590,0.38236094,0.0040959157
2591,0.14643106,0.0036139484
2592,-0.25810528,0.003807719
2593,-0.004024072,0.0036883182
2594,0.40055302,0.0043303748
2595,0.1557086,0.003913236
2596,-0.263931,0.004006217
2597,-0.0129700685,0.003508437
2598,0.3905587,0.0041386522
2599,0.14954507,0.003552614
2600,-0.274146,0.0039911494
2601,-0.01665122,0.003571389
2602,0.39080977,0.0041984003
2603,0.14809707,0.003797469
2604,-0.28102344,0.003854586
2605,-0.02230127,0.0035089827
2606,0.38548467,0.0039280932
2607,0.14309195,0.0038888121
2608,-0.27352324,0.0038738025
2609,-0.018511914,0.0033071267
2610,0.38645756,0.004158432
2611,0.14227036,0.003835183
2612,-0.3037007,0.0038874627
2613,-0.21111548,0.0053925
2614,0.26622003,0.004436158
2615,0.06998472,0.00393063
2616,-0.3587196,0.0038516482
2617,-0.24162617,0.0046431334
2618,0.2503184,0.004573649
2619,0.062533155,0.003616718
2620,-0.3641319,0.004349939
2621,-0.24817422,0.0052308124
2622,0.24810815,0.0044742147
2623,0.06382822,0.0040654493
2624,-0.34644136,0.0043334444
2625,-0.24141034,0.005330775
2626,0.2550614,0.004881968
2627,0.07024121,0.0037287064
2628,-0.3134429,0.003991394
2629,-0.035390526,0.0036529498
2630,0.3818631,0.0040187286
2631,0.14543588,0.0035764612
2632,-0.31780088,0.003888138
2633,-0.21916929,0.004784818
2634,0.26921415,0.0044564004
2635,0.07957837,0.0038247653
2636,-0.34217465,0.003982192
2637,-0.23551026,0.0051039215
2638,0.26115704,0.0045108525
2639,0.076964065,0.0040475787
2640,-0.34048116,0.0037338568
2641,-0.2223085,0.00505055
2642,0.27080268,0.0047544744
2643,0.08454683,0.003855918
2644,-0.29222384,0.0042477027
2645,-0.017846534,0.0034482295
2646,0.39663628,0.0041071745
2647,0.15823926,0.003784642
2648,-0.26066753,0.0039302083
2649,-0.0022010254,0.003686776
2650,0.40415868,0.00427189
2651,0.16108917,0.0038929833
2652,-0.2533417,0.0038539155
2653,-0.0032961913,0.003852963
2654,0.40017876,0.004200901
2655,0.15862192,0.0038897714
2656,-0.2669165,0.0036985641
2657,-0.009651464,0.0035356106
2658,0.39720064,0.0040824697
2659,0.15463853,0.003800355
2660,-0.2685283,0.0041168653
2661,-0.012087793,0.0033994778
2662,0.39414477,0.0041582654
2663,0.15094155,0.0036245766
2664,-0.2752859,0.0039087296
2665,-0.017619532,0.0034154765
2666,0.38916743,0.00416661
2667,0.14656104,0.0036186916
2668,-0.2673762,0.0038655293
2669,-0.013791553,0.0037186665
2670,0.39020073,0.0039730114
2671,0.1456127,0.0034848128
2672,-0.29815897,0.003792452
2673,-0.21418838,0.004837855
2674,0.26538086,0.004757997
2675,0.07020708,0.004033885
2676,-0.3460477,0.004114639
2677,-0.24282505,0.0052010566
2678,0.25042206,0.0046968525
2679,0.06446211,0.003942861
2680,-0.3514089,0.0038408628
2681,-0.21763209,0.0051523554
2682,0.26740682,0.0045632212
2683,0.075425684,0.004115754
2684,-0.31158155,0.0038759878
2685,-0.035965867,0.0035487842
2686,0.37969312,0.0043142326
2687,0.14181083,0.003637131
2688,-0.3074016,0.003771078
2689,-0.20564625,0.0050561526
2690,0.27553633,0.004641379
2691,0.08134971,0.0038464323
2692,-0.33642936,0.003800822
2693,-0.22911493,0.005458991
2694,0.2636305,0.0049201585
2695,0.076519,0.0043070368
2696,-0.3561873,0.00401791
2697,-0.2506249,0.005511763
2698,0.25159746,0.00491445
2699,0.07160283,0.0036928153
2700,-0.31066832,0.0037548812
2701,-0.030696142,0.0034490307
2702,0.38735634,0.004194608
2703,0.15121181,0.0035951815
2704,-0.25325352,0.00424593
2705,0.0013703613,0.0036774252
2706,0.40587613,0.003986459
2707,0.16094546,0.003600168
2708,-0.27455014,0.0038818389
2709,-0.018413477,0.003503269
2710,0.39092863,0.0041002627
2711,0.15127896,0.0035506296
2712,-0.2922503,0.0038241404
2713,-0.025806786,0.0035833465
2714,0.386677,0.0040021194
2715,0.1476476,0.0037227653
2716,-0.2984893,0.004373904
2717,-0.20852515,0.005085676
2718,0.2731066,0.0043384586
2719,0.079390675,0.0036254525
2720,-0.34214634,0.0038863414
2721,-0.24563316,0.004379668
2722,0.2519647,0.0042792717
2723,0.06922934,0.0037063386
2724,-0.31602222,0.0039040346
2725,-0.037464745,0.0035667028
2726,0.38044557,0.0041284547
2727,0.14445025,0.0039163716
2728,-0.3077293,0.0040651355
2729,-0.2246527,0.004811585
2730,0.26595616,0.004420143
2731,0.07815986,0.004055843
2732,-0.33494848,0.004102551
2733,-0.22459902,0.004548064
2734,0.26818246,0.0046039866
2735,0.08105713,0.0037576156
2736,-0.30131778,0.003976296
2737,-0.025490576,0.0034259327
2738,0.3903241,0.004366877
2739,0.15279727,0.0036600472
2740,-0.29843768,0.004114471
2741,-0.20796093,0.0045255465
2742,0.27820873,0.004349307
2743,0.08707373,0.0036558737
2744,-0.2967547,0.0038474575
2745,-0.022420898,0.0035440957
2746,0.39166972,0.004131432
2747,0.15407598,0.0034305437
2748,-0.26407558,0.003562783
2749,-0.006366211,0.0036401798
2750,0.40015015,0.0039371722
2751,0.15746558,0.0034175504
2752,-0.26296148,0.0038526393
2753,-0.010774366,0.003592214
2754,0.3944934,0.0040623075
2755,0.15372568,0.0035916918
2756,-0.29308522,0.0038617656
2757,-0.2005455,0.004789505
2758,0.27854088,0.004578576
2759,0.08397061,0.0037764292
2760,-0.30175775,0.004025856
2761,-0.029275147,0.003553649
2762,0.3839045,0.004274449
2763,0.14558032,0.0038370313
2764,-0.28270626,0.003988572
2765,-0.021649268,0.0032926456
2766,0.38677144,0.0042607524
2767,0.14563672,0.0035126908
2768,-0.3143176,0.004152715
2769,-0.21869467,0.004998771
2770,0.26669067,0.004810926
2771,0.0754293,0.0039258916
2772,-0.34427974,0.003989639
2773,-0.24526846,0.0055846106
2774,0.2522264,0.00483988
2775,0.069360495,0.0039694724
2776,-0.3175351,0.0039712265
2777,-0.038204737,0.0035013207
2778,0.37978944,0.004128383
2779,0.14414488,0.0033834013
2780,-0.3244206,0.0039043776
2781,-0.2199665,0.005052236
2782,0.270217,0.004685876
2783,0.08009331,0.0040119034
2784,-0.3056747,0.004090666
2785,-0.03001211,0.0035115061
2786,0.38573906,0.0040302295
2787,0.14868823,0.003529542
2788,-0.2663294,0.003692712
2789,-0.009109619,0.0033617946
2790,0.39722154,0.0038968627
2791,0.153979,0.0036148624
2792,-0.27549985,0.003752029
2793,-0.01991709,0.003305371
2794,0.38782,0.0040981304
2795,0.14795981,0.0035796964
2796,-0.26713124,0.003490496
2797,-0.0113625,0.0034006995
2798,0.39386195,0.0042088134
2799,0.15073091,0.003839438
2800,-0.3124463,0.0040660123
2801,-0.21235625,0.005444927
2802,0.26783603,0.004537717
2803,0.074347116,0.003722916
2804,-0.3601889,0.003880364
2805,-0.25084782,0.00463267
2806,0.24746983,0.0047558895
2807,0.064875975,0.003637495
2808,-0.3669201,0.003991154
2809,-0.2511336,0.0048082354
2810,0.24936514,0.0043848846
2811,0.06794126,0.004001951
2812,-0.34362832,0.004282683
2813,-0.22997344,0.0048422664
2814,0.26490727,0.004566599
2815,0.07883584,0.0038202135
2816,-0.33951455,0.0041164593
2817,-0.23129277,0.004841226
2818,0.2659759,0.004457381
2819,0.08166743,0.0038043344
2820,-0.34052128,0.0041543813
2821,-0.23845224,0.0047609513
2822,0.26393417,0.0043682256
2823,0.08272407,0.0038245406
2824,-0.32826173,0.0037800933
2825,-0.2152271,0.004485293
2826,0.2796226,0.004368938
2827,0.09382656,0.003964311
2828,-0.29704145,0.004075595
2829,-0.01773794,0.0034722886
2830,0.3999806,0.003980996
2831,0.16428974,0.0036924277
2832,-0.25734013,0.0036776676
2833,0.0036711425,0.0036328633
2834,0.41135675,0.0039229174
2835,0.16937959,0.0034529318
2836,-0.23972486,0.0037623204
2837,0.009008594,0.0034376376
2838,0.41111168,0.0040893857
2839,0.1689936,0.00361691
2840,-0.26281446,0.004198594
2841,-0.0033095216,0.0036090303
2842,0.40354463,0.0040680943
2843,0.16195767,0.0037632796
2844,-0.2609126,0.0038355652
2845,-0.0041719726,0.0035223109
2846,0.4025514,0.0043625776
2847,0.15926519,0.003672014
2848,-0.26743847,0.003700866
2849,-0.009919336,0.0034403112
2850,0.3965545,0.004052974
2851,0.15384576,0.0035593447
2852,-0.26032665,0.003661121
2853,-0.006864697,0.0034766255
2854,0.39702833,0.004130401
2855,0.15242486,0.0038157718
2856,-0.29114604,0.0038503516
2857,-0.1969103,0.004607384
2858,0.27811587,0.00448822
2859,0.08053208,0.0036388338
2860,-0.33784443,0.003986086
2861,-0.20883209,0.0044185687
2862,0.27293032,0.0042533777
2863,0.07876455,0.0038368055
2864,-0.30359828,0.0037961034
2865,-0.031576466,0.0033554689
2866,0.38202426,0.004176806
2867,0.14324653,0.003723498
2868,-0.270894,0.004071152
2869,-0.0141699705,0.003774486
2870,0.3915311,0.004568596
2871,0.14764687,0.0040223375
2872,-0.2655612,0.004000132
2873,-0.017522167,0.0035070034
2874,0.38811147,0.004167003
2875,0.14553809,0.0034782083
2876,-0.27248564,0.0038184687
2877,-0.016839404,0.0033598258
2878,0.3883936,0.004065338
2879,0.14491425,0.0038172095
2880,-0.2691704,0.004015976
2881,-0.016470019,0.0038390693
2882,0.38605386,0.004240032
2883,0.14190762,0.003507962
2884,-0.281936,0.0038186242
2885,-0.026189355,0.003365582
2886,0.37965888,0.004057114
2887,0.13667007,0.004005214
2888,-0.2854651,0.0040601515
2889,-0.029278614,0.003816207
2890,0.3768796,0.004072775
2891,0.13361908,0.0034328
2892,-0.28976297,0.0036619091
2893,-0.032884814,0.0034292438
2894,0.37299064,0.004152631
2895,0.13000694,0.0036206082
2896,-0.2913537,0.0039734053
2897,-0.03486494,0.0037524602
2898,0.3712142,0.004289959
2899,0.12801997,0.0037338198
2900,-0.29776144,0.00383037
2901,-0.04006113,0.003702543
2902,0.36728776,0.0040129977
2903,0.12473745,0.003720916
2904,-0.29245982,0.003703467
2905,-0.037238576,0.0033884395
2906,0.3684905,0.0042167287
2907,0.12467207,0.0039203716
2908,-0.3197754,0.0041737095
2909,-0.2363919,0.005020155
2910,0.24458276,0.0045617544
2911,0.050909325,0.0041960496
2912,-0.36734965,0.004147507
2913,-0.26269403,0.0051439935
2914,0.2323351,0.0047608605
2915,0.046721533,0.003723045
2916,-0.3797723,0.00405214
2917,-0.2697171,0.0052448944
2918,0.22960249,0.0044117784
2919,0.047773097,0.0038911707
2920,-0.37469,0.0041079484
2921,-0.25954467,0.0051871035
2922,0.2391328,0.004723545
2923,0.05558467,0.0039413986
2924,-0.351531,0.0042964895
2925,-0.24066387,0.00506482
2926,0.2540027,0.0050067906
2927,0.06713862,0.0041274745
2928,-0.31565288,0.0040077646
2929,-0.03854248,0.0034301912
2930,0.37774542,0.004019492
2931,0.14090961,0.0036093397
2932,-0.2739086,0.0038135035
2933,-0.016321631,0.0034250775
2934,0.38973278,0.0041294685
2935,0.14687827,0.00348898
2936,-0.32608768,0.003870198
2937,-0.23183627,0.004668994
2938,0.25798488,0.004423394
2939,0.070186965,0.0040653525
2940,-0.3150071,0.00387647
2941,-0.039110254,0.003435
2942,0.37710693,0.004061491
2943,0.14028457,0.003507338
2944,-0.3078028,0.004084939
2945,-0.22167212,0.005191843
2946,0.26566246,0.004669431
2947,0.07478101,0.0038140032
2948,-0.34308624,0.0038402528
2949,-0.2339684,0.0049156114
2950,0.2595953,0.004249534
2951,0.072982274,0.0033909953
2952,-0.32699254,0.0038535008
2953,-0.0440916,0.0035223926
2954,0.3757661,0.004247033
2955,0.1416919,0.0036523608
2956,-0.2759615,0.0037954776
2957,-0.015356982,0.0034310003
2958,0.39249384,0.004188868
2959,0.15029727,0.003716624
2960,-0.26407012,0.0040123463
2961,-0.013093994,0.003368165
2962,0.39081323,0.0043223994
2963,0.1497104,0.0035966027
2964,-0.282,0.003646686
2965,-0.021793652,0.0035756999
2966,0.38732177,0.0040265173
2967,0.14616309,0.0034303376
2968,-0.27907223,0.0039005147
2969,-0.020849805,0.0036426946
2970,0.38578993,0.0040550395
2971,0.14340894,0.0032796396
2972,-0.28309262,0.0038006995
2973,-0.02453921,0.0035476955
2974,0.38292003,0.0040754364
2975,0.14043398,0.0036297175
2976,-0.28617784,0.0039427057
2977,-0.02759419,0.0035087038
2978,0.37903988,0.003974966
2979,0.13690054,0.0035742212
2980,-0.29396847,0.0037472039
2981,-0.033708885,0.0035243786
2982,0.37457252,0.004467995
2983,0.13320479,0.0037220004
2984,-0.31466466,0.0038827728
2985,-0.04815332,0.0033803107
2986,0.36513183,0.0040782844
2987,0.12635991,0.0037332308
2988,-0.3257333,0.0039971434
2989,-0.23205219,0.00509495
2990,0.2506109,0.0046185064
2991,0.05824463,0.0038643496
2992,-0.3225382,0.0038451185
2993,-0.049944386,0.0034970369
2994,0.36436358,0.0041155643
2995,0.1263271,0.0037992054
2996,-0.32543585,0.0039740903
2997,-0.23144326,0.005658549
2998,0.25329435,0.0049585197
2999,0.06154512,0.0039270925
